Unnamed: 0,OBJECTID,UMONAT,USTUNDE,UWOCHENTAG,UKATEGORIE,UART,UTYP1,ULICHTVERH,STRZUSTAND,IstPKW,IstKrad,IstGkfz,IstFuss,IstSonstige,lat,lon,alone,not_alone,UTYP2,weekend
500,115583,8,11,5,3,5,2,0,0,0,0,0,0,1,52.512410997794035,13.488292587542295,0,1,2,0
501,115585,6,15,7,3,5,2,0,0,1,0,0,0,0,52.51653729559832,13.17891967922384,0,1,2,1
502,115586,6,8,2,3,5,2,0,0,1,0,0,0,0,52.458821587599274,13.506618762815735,0,1,2,0
503,115590,12,15,6,2,3,6,1,0,0,0,0,0,1,52.53510801460524,13.435022267996338,0,1,6,0
504,115591,9,10,6,3,5,2,0,0,1,0,0,0,0,52.536212028149954,13.433336866951313,0,1,2,0
505,115592,9,9,6,2,3,6,0,0,1,0,0,0,0,52.53892033169946,13.424628816294133,0,1,6,0
506,115593,7,6,5,3,5,3,0,0,1,0,0,0,0,52.524115355259724,13.418453018084094,0,1,2,0
507,115596,5,17,5,3,5,2,0,0,1,0,0,0,0,52.52012612037996,13.422231543601972,0,1,2,0
508,115602,10,16,2,3,2,6,0,0,1,0,0,0,0,52.570014398291185,13.399943739479315,0,1,6,0
509,115604,4,9,6,3,5,2,0,0,1,0,0,0,0,52.515885674257355,13.454204779316607,0,1,2,0
510,115606,5,16,5,3,0,3,0,0,1,0,0,0,0,52.47004903250493,13.385760993088349,0,1,2,0
511,115608,9,9,1,2,0,2,0,0,1,0,0,0,0,52.5341451691514,13.437625427151715,0,1,2,1
512,115612,5,16,6,3,1,1,0,0,1,0,0,0,0,52.51399462825037,13.341707159341835,0,1,1,0
513,115614,11,7,6,3,5,3,0,1,1,0,0,0,0,52.537151916068744,13.433937223324607,0,1,2,0
514,115618,4,15,7,3,5,3,0,0,1,1,0,0,0,52.539568319176134,13.437211861362373,0,1,2,1
515,115624,9,15,3,2,5,3,0,0,0,1,0,0,0,52.58576761961173,13.341704865152655,0,1,2,0
516,115628,6,17,4,3,2,6,0,0,0,1,0,0,0,52.5248400737522,13.419810621751836,0,1,6,0
517,115631,7,7,7,3,6,4,0,0,0,0,0,1,0,52.52281689486242,13.45034348290765,0,1,4,1
518,115632,5,8,7,3,2,6,0,0,1,0,0,0,0,52.518728103418866,13.411143015213929,0,1,6,1
519,115633,1,14,4,3,1,5,0,0,1,0,0,0,0,52.53358705266408,13.430256816018936,0,1,5,0
520,115640,5,7,2,3,5,2,0,0,0,0,0,0,1,52.51294324296156,13.325820781605152,0,1,2,0
521,115642,1,12,4,3,6,4,0,1,0,0,0,1,0,52.56692124206703,13.362597454845393,0,1,4,0
522,115644,9,11,3,3,5,3,0,0,0,0,0,0,0,52.515705063056075,13.369755710736179,1,0,2,0
523,115645,8,14,4,2,0,2,0,0,1,0,0,0,0,52.52200439890183,13.416384430669837,0,1,2,0
524,115646,6,15,4,3,3,6,0,0,1,0,0,0,0,52.542875359013564,13.41246787124776,0,0,6,0
525,115647,7,19,3,3,5,2,0,0,1,0,0,0,0,52.54100266361159,13.438412153770225,0,1,2,0
526,115648,1,16,4,3,6,4,0,0,0,0,0,1,0,52.514587407407475,13.465313288150554,0,1,4,0
527,115649,11,14,6,3,5,2,0,0,1,0,0,0,0,52.514508974222146,13.46755656306743,0,1,2,0
528,115655,7,19,2,3,3,6,0,0,1,0,0,0,0,52.51148468455579,13.303581142365415,0,0,6,0
529,115657,7,15,5,3,5,2,0,0,0,0,0,0,1,52.51988270126947,13.404765940968266,0,1,2,0
530,115662,11,16,6,3,5,2,1,1,1,0,0,0,0,52.515836511314966,13.369941987315002,0,1,2,0
531,115667,8,7,3,2,5,2,0,0,0,0,0,0,1,52.53354927119828,13.43887021680751,0,1,2,0
532,115668,5,9,5,3,6,7,0,0,0,0,0,1,0,52.54353672388465,13.441832160604491,0,1,7,0
533,115669,4,10,3,3,5,2,0,0,0,0,1,0,0,52.41363608253814,13.361932639155667,0,1,2,0
534,115672,9,8,6,3,0,1,0,0,0,0,0,0,0,52.5132183066729,13.480315519918506,1,0,1,0
535,115674,7,14,4,2,5,2,0,0,1,0,0,0,0,52.498163072203205,13.388644353653195,0,1,2,0
536,115676,1,23,2,2,5,3,2,1,1,0,0,0,0,52.509791151926834,13.371573348537767,0,1,2,0
537,115681,8,23,4,2,5,3,2,0,1,0,0,0,0,52.55164871351064,13.367379854493635,0,1,2,0
538,115684,5,12,4,3,0,6,0,0,1,0,0,0,0,52.51068019562501,13.505919669288238,0,1,6,0
539,115687,9,7,2,2,1,5,0,0,1,0,0,0,0,52.48446019448936,13.352582124406906,0,1,5,0
540,115688,6,15,7,3,2,2,0,0,0,0,0,0,1,52.563730453482215,13.364415775994948,0,1,2,1
541,115690,5,14,5,2,5,7,0,0,0,0,0,0,1,52.573343762863395,13.359209874086847,0,1,7,0
542,115691,1,17,2,3,2,6,0,1,0,0,0,0,1,52.523917625523396,13.418771583292827,0,1,6,0
543,115694,10,19,2,3,1,5,1,0,1,0,0,0,1,52.485544359665106,13.355278950592119,0,1,5,0
544,115703,8,14,2,3,5,3,0,0,1,0,0,0,0,52.51865902674013,13.427229693631661,0,1,2,0
545,115705,7,8,3,3,5,7,0,0,1,0,0,0,0,52.48689888790899,13.46475615363158,0,1,7,0
546,115710,10,19,2,3,1,5,2,0,0,0,0,0,1,52.53491289914432,13.431352889115805,0,1,5,0
547,115715,5,17,1,3,5,3,0,0,1,0,0,0,0,52.42122122926982,13.397557048668196,0,1,2,1
548,115719,9,9,4,3,3,6,0,0,1,0,0,0,0,52.51419477730659,13.47068406686682,0,0,6,0
549,115722,3,18,3,3,5,2,2,1,1,0,0,0,0,52.5145120454656,13.467525508250365,0,1,2,0
550,115731,7,21,2,3,5,2,1,0,1,0,0,0,0,52.515802068587895,13.454226364672945,0,1,2,0
551,115732,7,17,3,3,5,2,0,0,1,0,0,0,0,52.50478902947145,13.610580239640946,0,1,2,0
552,115738,4,7,2,2,0,1,0,0,0,0,0,0,0,52.51069795325271,13.294316265169828,1,0,1,0
553,115746,8,15,3,3,2,2,0,0,0,0,0,0,1,52.53316525535352,13.429310635126967,0,1,2,0
554,115747,6,8,6,3,6,4,0,0,0,0,0,1,0,52.54990885739378,13.41360443754035,0,1,4,0
555,115752,12,20,3,3,3,6,2,1,1,0,0,0,0,52.48565778493763,13.35513157918322,0,1,6,0
556,115753,9,14,4,3,0,5,0,0,0,0,0,0,1,52.56583551044135,13.363155994550972,0,1,5,0
557,115755,7,16,3,3,0,4,0,0,0,0,0,1,0,52.5097999337473,13.273155161856954,0,1,4,0
558,115756,7,17,3,3,0,4,0,0,0,0,0,1,0,52.54703800606006,13.4133912767486,0,1,4,0
559,115759,11,6,3,3,3,6,2,1,1,0,0,0,0,52.44017429683172,13.38731919779918,0,1,6,0
560,115760,8,9,5,3,0,2,0,0,1,0,0,0,0,52.509919406038684,13.281697162966974,0,1,2,0
561,115766,5,21,4,3,5,2,1,0,1,0,0,0,0,52.53902535472705,13.424321261703035,0,1,2,0
562,115768,9,12,5,3,0,2,0,0,0,0,0,0,1,52.60776497083182,13.323918929028494,0,1,2,0
563,115771,7,18,5,3,6,4,0,0,0,0,0,1,0,52.41925489468724,13.157390367224025,0,1,4,0
564,115772,5,14,4,3,6,7,0,0,0,0,0,1,0,52.51704166643886,13.39156667788473,0,1,7,0
565,115773,1,11,6,3,6,7,0,1,0,0,0,1,0,52.51382150890503,13.474249723833154,0,1,7,0
566,115774,11,16,3,3,0,5,0,0,1,0,0,0,1,52.42087136507524,13.170698637308446,0,1,5,0
567,115781,5,8,6,2,5,3,0,0,1,0,0,0,0,52.64300456565573,13.301731723456168,0,1,2,0
568,115784,11,14,5,3,6,7,0,0,0,0,0,1,0,52.50788015123207,13.369548279441194,0,1,7,0
569,115788,7,19,2,3,1,5,0,0,1,0,0,0,0,52.51060792422621,13.507065356297307,0,1,5,0
570,115795,4,16,1,3,1,5,0,0,0,0,0,0,1,52.5105964482286,13.292558490922492,0,1,5,1
571,115798,5,13,7,3,0,6,0,0,1,0,0,0,0,52.516121027090854,13.376288995375669,0,0,6,1
572,115806,6,6,6,3,0,7,0,0,0,0,0,0,0,52.541486155491505,13.425437500029824,1,0,7,0
573,115807,8,15,6,3,5,2,0,0,1,0,0,0,0,52.54102285341517,13.36847990790678,0,1,2,0
574,115812,9,13,3,3,0,2,0,0,1,0,0,0,0,52.4199666924067,13.17540663402798,0,1,2,0
575,115822,8,6,3,2,5,3,0,0,1,0,0,0,0,52.505165268528785,13.578034678499494,0,1,2,0
576,115824,4,16,3,3,1,5,0,0,0,0,0,0,1,52.56404572414956,13.407763453400586,0,1,5,0
577,115828,9,20,4,3,3,6,2,0,1,0,0,0,0,52.485391014057036,13.354571648114607,0,1,6,0
578,115830,6,17,5,3,5,2,0,0,0,1,0,0,0,52.520140131985855,13.40481588568258,0,1,2,0
579,115833,11,7,2,3,5,2,0,0,1,0,0,0,0,52.51055484835854,13.2891879702936,0,1,2,0
580,115835,5,18,3,3,5,2,0,0,1,0,0,0,0,52.53924667736732,13.424423453124973,0,1,2,0
581,196811,1,18,5,2,5,2,2,1,1,0,0,0,0,52.56696654582458,13.477149646499633,0,1,2,0
582,196812,1,11,4,2,5,2,0,0,1,0,0,0,0,52.40859406075979,13.26744455124088,0,1,2,0
583,196813,1,18,5,3,2,2,2,1,1,0,0,0,0,52.48241162068472,13.342345448190956,0,1,2,0
584,196815,1,18,5,3,5,2,2,1,1,0,0,0,0,52.57583622628501,13.347713673663607,0,1,2,0
585,196828,1,20,4,3,2,6,2,1,1,0,0,0,0,52.487655959650326,13.41778520543207,0,1,6,0
586,196833,1,14,5,2,5,3,0,1,1,0,0,0,0,52.45920603147832,13.578287058492167,0,1,2,0
587,196842,1,19,5,2,5,3,2,1,1,0,0,0,0,52.54256151706489,13.492655473823204,0,1,2,0
588,196846,1,7,3,3,5,3,1,0,1,0,0,0,0,52.515858258233365,13.44039405330866,0,1,2,0
589,196848,1,13,2,3,5,3,0,0,1,0,0,0,0,52.51189567371501,13.42709460977924,0,1,2,0
590,196849,1,5,5,3,5,2,2,1,1,0,0,0,0,52.48892570281478,13.453938637667456,0,1,2,0
591,196850,1,5,5,3,5,3,2,1,1,0,0,0,0,52.56700713566867,13.521781408898187,0,1,2,0
592,196855,1,6,2,3,5,3,2,0,1,0,0,0,0,52.4350300113505,13.522551678109384,0,1,2,0
593,196856,1,6,5,3,5,3,2,1,1,0,0,0,0,52.52010390519394,13.423252422060587,0,1,2,0
594,196857,1,13,1,3,5,2,0,0,1,0,0,0,0,52.44592814755927,13.253224995714069,0,1,2,1
595,196858,1,8,5,3,5,3,0,1,1,0,0,0,0,52.50390355540511,13.410967611806312,0,1,2,0
596,196860,1,10,2,3,2,2,0,0,1,0,0,0,0,52.55572699686322,13.384273907236517,0,1,2,0
597,196867,1,1,6,2,0,1,2,1,0,0,0,0,0,52.508755632188645,13.466448521877995,1,0,1,0
598,196868,1,18,3,3,2,2,2,0,1,0,0,0,0,52.50981438457586,13.456149611378114,0,1,2,0
599,196874,1,13,4,3,5,2,0,1,0,0,1,0,0,52.460475557370216,13.418030295514676,0,1,2,0
600,196879,1,13,4,3,5,2,0,1,1,0,0,0,0,52.51871831823238,13.286680269025572,0,1,2,0
601,196882,1,12,3,3,2,7,0,0,1,0,0,0,0,52.51016150656547,13.389929927006335,0,1,7,0
602,196883,1,16,4,3,5,2,2,1,1,0,0,0,0,52.471476572962295,13.337350188183875,0,1,2,0
603,196885,1,15,4,3,5,3,0,0,1,0,0,0,0,52.5470323746691,13.389319896699364,0,1,2,0
604,196898,1,11,2,2,6,4,0,0,0,0,0,1,0,52.504082122425004,13.409654819025755,0,1,4,0
605,196900,1,16,6,3,5,3,2,0,1,0,0,0,0,52.53585385469136,13.601309482704544,0,1,2,0
606,196901,1,11,4,3,1,5,0,1,1,0,0,0,0,52.50872153991372,13.280447505348592,0,1,5,0
607,196905,1,20,5,3,0,7,2,1,0,0,0,0,1,52.508909042446305,13.433440570128234,0,1,7,0
608,196907,1,7,2,3,5,3,0,0,0,0,0,0,0,52.5818009487123,13.407331505614419,1,0,2,0
609,196909,1,18,1,3,1,5,2,0,1,0,0,0,0,52.485191342775536,13.352345982863875,0,1,5,1
610,196910,1,10,4,3,5,3,0,1,0,0,1,0,0,52.5478356021636,13.195834018141792,0,1,2,0
611,196911,1,14,6,3,5,2,0,0,1,0,0,0,0,52.4488988602711,13.338821544612406,0,1,2,0
612,196912,1,9,4,3,5,3,0,1,1,0,0,0,0,52.440067409971505,13.41583686938654,0,1,2,0
613,196920,1,18,2,3,5,3,2,0,0,0,0,0,0,52.482467732049706,13.34207878478216,1,0,2,0
614,196925,1,6,4,3,5,2,2,1,1,0,0,0,0,52.45786612157194,13.387654670161732,0,1,2,0
615,196927,1,6,4,3,2,3,1,1,1,0,0,0,0,52.514707699160546,13.435360788905616,0,1,2,0
616,196928,1,6,4,3,5,3,2,1,1,0,0,0,0,52.55259437312761,13.337024244520295,0,1,2,0
617,196930,1,5,4,2,5,3,2,1,1,0,0,0,0,52.53578403757823,13.406703728541505,0,1,2,0
618,196931,1,9,4,3,6,4,0,0,0,0,0,1,0,52.515144151487725,13.381633470488179,0,1,4,0
619,196933,1,8,4,3,5,3,0,1,1,0,0,0,0,52.60539113372833,13.417272529190045,0,1,2,0
620,196935,1,8,3,3,6,4,1,0,0,0,0,1,0,52.565846161116845,13.397532207794333,0,1,4,0
621,196936,1,8,4,3,5,3,1,1,1,0,0,0,0,52.49345001943625,13.42823162862656,0,1,2,0
622,196937,1,23,5,3,5,2,2,1,1,0,0,0,0,52.510688567347444,13.452030569248743,0,1,2,0
623,196950,1,20,3,3,5,3,2,1,1,0,0,0,0,52.5381371940025,13.49856886776202,0,1,2,0
624,196958,1,12,4,3,5,3,0,0,1,0,0,0,0,52.486208418620905,13.256500456666632,0,1,2,0
625,196962,1,8,3,3,0,7,1,1,0,0,0,0,0,52.44747996727602,13.578874043306707,1,0,7,0
626,196970,1,14,3,3,3,6,0,1,0,0,0,0,1,52.4784817245953,13.446457813931776,0,1,6,0
627,196975,1,19,7,3,5,3,2,0,1,0,0,0,0,52.49919972276296,13.380409442503856,0,1,2,1
628,196976,1,18,3,3,5,3,2,1,1,0,0,0,0,52.46057653267204,13.482794259917405,0,1,2,0
629,196982,1,16,2,3,5,3,1,0,1,0,0,0,0,52.54749742723226,13.342319467743266,0,1,2,0
630,196983,1,17,3,3,1,5,2,1,1,0,0,0,0,52.458522201777114,13.318445984049385,0,1,5,0
631,196992,1,20,5,3,5,3,2,1,1,0,0,0,0,52.533105378635426,13.404382087543832,0,1,2,0
632,196994,1,15,3,3,5,2,1,0,1,0,0,0,0,52.40244341027788,13.522183036105508,0,1,2,0
633,196995,1,13,2,3,6,4,0,0,0,0,0,1,0,52.44617830101363,13.315461659680992,0,1,4,0
634,196996,1,13,2,2,5,7,0,0,1,0,0,0,0,52.498762004050754,13.546732381312525,0,1,7,0
635,197003,1,2,7,2,5,3,2,0,1,0,0,0,0,52.534931948194476,13.397947005646415,0,1,2,1
636,197009,1,13,2,3,5,3,0,2,1,0,0,0,0,52.495887121108076,13.39070382585317,0,1,2,0
637,197019,1,11,2,3,5,2,0,0,0,0,0,0,1,52.53621262536526,13.3911412724909,0,1,2,0
638,197023,1,15,6,3,5,2,0,0,0,0,0,0,1,52.48298365964757,13.44167970861306,0,1,2,0
639,197025,1,8,4,3,5,3,1,0,1,0,0,0,0,52.515950765181465,13.42633164600111,0,1,2,0
640,197027,1,17,2,2,4,2,2,0,0,0,0,0,0,52.51221684521872,13.401700795393454,1,0,2,0
641,197040,1,10,2,2,5,2,0,0,1,0,0,0,0,52.51978861401815,13.2558526731538,0,1,2,0
642,197062,1,11,2,3,5,2,0,0,1,0,0,0,0,52.49933585161032,13.418252582722426,0,1,2,0
643,197074,1,17,1,3,1,5,2,0,1,0,0,0,0,52.4361010106642,13.455604233889337,0,1,5,1
644,197084,1,18,2,3,2,6,2,0,1,0,0,0,0,52.52352741235664,13.359276075789369,0,1,6,0
645,197086,1,17,2,3,5,2,2,0,0,0,0,0,1,52.541700836729355,13.487868618072172,0,1,2,0
646,197089,1,18,1,2,0,1,2,1,0,0,0,0,0,52.52898616336942,13.458687679748644,1,0,1,1
647,197092,1,18,7,3,5,3,2,1,1,0,0,0,0,52.49257257568435,13.43058253911101,0,1,2,1
648,197093,1,18,7,3,5,2,2,1,1,0,0,0,0,52.506541944545496,13.458820619464593,0,1,2,1
649,197097,1,14,2,3,5,3,0,0,0,0,0,0,1,52.500341256772344,13.312043266612735,0,1,2,0
650,197103,1,12,2,3,1,5,0,0,1,0,0,0,0,52.5000129163904,13.418378917835176,0,1,5,0
651,197104,1,13,7,3,6,6,0,0,0,0,0,1,0,52.5475025047169,13.439287206595072,0,1,6,1
652,197105,1,11,2,3,5,7,0,0,1,0,0,0,0,52.42776779087248,13.326378382602556,0,1,7,0
653,197113,1,9,2,3,5,2,0,0,1,0,0,0,0,52.56211506974714,13.454154044206595,0,1,2,0
654,197115,1,11,7,2,5,2,0,0,1,0,0,0,0,52.510626003413506,13.297216621120093,0,1,2,1
655,197119,1,12,7,3,0,1,0,0,0,0,0,0,0,52.51570473055979,13.390985167184784,1,0,1,1
656,197120,1,7,2,3,6,4,0,0,0,0,0,1,0,52.53929975182334,13.417826199783788,0,1,4,0
657,197123,1,7,2,3,6,4,0,0,0,0,0,1,0,52.532099435888824,13.403297367286287,0,1,4,0
658,197125,1,7,2,3,5,3,0,0,1,0,0,0,0,52.55296540873231,13.40297793406755,0,1,2,0
659,197127,1,9,2,3,5,3,0,0,0,0,1,0,0,52.54467939795336,13.238324525701726,0,1,2,0
660,197129,1,9,2,3,1,5,0,0,1,0,0,0,0,52.51014497241622,13.419741811144151,0,1,5,0
661,197133,1,13,6,3,0,1,0,1,0,0,0,0,0,52.45299362236948,13.607383373211832,1,0,1,0
662,197141,1,11,6,3,1,5,0,0,1,0,0,0,0,52.518011492233114,13.45598394616869,0,1,5,0
663,197143,1,10,6,3,5,2,0,0,1,0,0,0,0,52.48163840579696,13.385716196642091,0,1,2,0
664,197145,1,10,6,3,5,7,0,0,1,0,0,0,0,52.5014076138123,13.418826972680225,0,1,7,0
665,197148,1,8,6,3,0,7,0,0,0,0,0,0,0,52.41175292388914,13.342412064173365,1,0,7,0
666,197149,1,8,6,3,5,3,0,0,1,0,0,0,0,52.52593535821637,13.411095087064679,0,1,2,0
667,197152,1,8,6,2,5,2,1,1,0,0,1,0,0,52.49508101537692,13.330425711162825,0,1,2,0
668,197153,1,18,3,3,6,4,2,1,0,0,0,1,0,52.500311925211456,13.310845340176568,0,1,4,0
669,197164,1,18,6,3,0,5,2,1,1,0,0,0,0,52.52302560552539,13.379553815838936,0,1,5,0
670,197166,1,17,7,3,5,3,2,0,1,0,0,0,0,52.43988083756089,13.327057132176073,0,1,2,1
671,197167,1,17,3,3,5,2,2,1,1,0,0,0,0,52.55123533776657,13.402680646160553,0,1,2,0
672,197173,1,15,7,3,5,2,0,0,1,0,0,0,0,52.50346787341579,13.410446615385638,0,1,2,1
673,197179,1,17,5,3,1,5,2,1,1,0,0,0,0,52.50398595906599,13.387331213114312,0,1,5,0
674,197181,1,13,7,3,5,3,0,0,1,0,0,0,0,52.476472248324185,13.281707487253053,0,1,2,1
675,197182,1,11,5,3,5,2,0,1,0,0,0,0,1,52.43065211346656,13.317515565870359,0,1,2,0
676,197185,1,9,7,3,0,1,0,0,0,0,0,0,0,52.487977647188536,13.416282623562374,1,0,1,1
677,197202,1,12,6,3,5,2,0,1,1,0,0,0,0,52.53724095494072,13.360158561487596,0,1,2,0
678,197205,1,11,6,3,3,6,0,1,1,0,0,0,0,52.52742560605793,13.415159853300269,0,1,6,0
679,197216,1,7,6,3,5,2,1,1,1,0,0,0,0,52.529360854720935,13.459365548843243,0,1,2,0
680,197218,1,7,6,3,5,2,1,1,0,0,0,0,1,52.517511192799404,13.32500999631449,0,1,2,0
681,197224,1,5,6,3,5,2,2,0,1,0,0,0,0,52.53799656893421,13.361546265595296,0,1,2,0
682,197225,1,18,3,3,3,6,2,1,1,0,0,0,0,52.569245981561394,13.312407410799015,0,1,6,0
683,197233,1,14,6,3,5,7,0,1,1,0,0,0,0,52.4804398868101,13.601069508253564,0,1,7,0
684,197234,1,7,5,3,5,3,1,0,1,0,0,0,0,52.433799233533,13.543532933866658,0,1,2,0
685,197235,1,7,5,3,5,2,1,1,1,0,0,0,0,52.521157550467436,13.429695749393591,0,1,2,0
686,197240,1,5,5,3,5,3,2,1,1,0,0,0,0,52.51001354483049,13.329827264083919,0,1,2,0
687,197243,1,16,6,2,5,2,1,0,1,0,0,0,0,52.4353759161951,13.258200340315256,0,1,2,0
688,197244,1,17,5,3,5,2,2,1,1,0,0,0,0,52.48924851592946,13.450513954389054,0,1,2,0
689,197245,1,22,6,3,0,1,2,0,0,0,0,0,0,52.50517814405439,13.471453132313936,1,0,1,0
690,197247,1,13,6,3,6,7,0,0,1,1,0,1,0,52.49935369713121,13.428077132441715,0,1,7,0
691,197255,1,17,5,3,5,3,2,1,1,0,0,0,0,52.419311113974324,13.264796366351106,0,1,2,0
692,197257,1,17,5,3,5,2,1,2,0,0,0,0,1,52.49764983105931,13.346191717268677,0,1,2,0
693,197273,1,18,3,2,6,4,2,1,0,0,0,1,0,52.513640739432105,13.288234462429465,0,1,4,0
694,197278,1,18,5,3,1,6,2,1,1,0,0,0,0,52.53713786918429,13.396861721962113,0,1,6,0
695,197280,1,18,4,3,1,5,2,1,1,0,0,0,0,52.53979866705365,13.496126454807005,0,1,5,0
696,197281,1,18,5,3,5,3,2,1,1,0,0,0,0,52.54659985499341,13.44230684318383,0,1,2,0
697,197283,1,10,4,2,6,7,0,1,0,0,0,1,0,52.58704176887586,13.3663117851581,0,1,7,0
698,197288,1,9,4,3,1,5,0,2,1,0,0,0,0,52.44673926664233,13.338337476015509,0,1,5,0
699,197291,1,15,5,3,5,2,1,1,0,0,0,0,1,52.44488748288532,13.568292273770034,0,1,2,0
700,197294,1,7,4,3,1,5,0,1,1,0,0,0,1,52.50004995851563,13.369985121270751,0,1,5,0
701,197295,1,7,4,3,5,3,1,2,1,0,0,0,0,52.51001280298032,13.329829560640693,0,1,2,0
702,197296,1,15,5,3,5,3,0,1,1,0,0,0,0,52.561396979764346,13.55183583499639,0,1,2,0
703,197297,1,6,4,2,1,5,2,1,1,0,0,0,0,52.520577772082866,13.491731404863632,0,1,5,0
704,197298,1,15,5,3,5,3,0,1,1,0,0,0,0,52.398160157283506,13.39253754658454,0,1,2,0
705,197300,1,14,5,3,5,3,0,1,1,0,0,0,0,52.48643395962246,13.424509559894021,0,1,2,0
706,197306,1,18,4,3,0,1,2,1,0,0,0,0,0,52.488570660931714,13.376680323413913,1,0,1,0
707,197311,1,7,5,3,6,4,1,1,0,0,0,1,0,52.4930705812537,13.387534505726034,0,1,4,0
708,197312,1,16,3,2,6,4,1,0,0,0,0,1,0,52.44307069734457,13.581366962356972,0,1,4,0
709,197323,1,19,3,3,6,6,2,1,0,0,0,1,0,52.52831495742782,13.335745791188307,0,1,6,0
710,197324,1,10,5,3,5,2,0,1,1,0,0,0,0,52.49315685678781,13.330625530930845,0,1,2,0
711,197326,1,19,3,3,1,5,2,1,0,0,0,0,1,52.49971032982974,13.39508159897017,0,1,5,0
712,197327,1,10,5,3,5,2,1,1,1,0,0,0,0,52.45739186835265,13.436605722653336,0,1,2,0
713,197328,1,8,3,3,5,3,0,1,1,0,0,0,0,52.493226838812475,13.3310082320747,0,1,2,0
714,197330,1,20,2,3,5,3,2,0,0,0,0,0,0,52.52192896821754,13.348513406417375,1,0,2,0
715,197334,1,9,5,3,5,2,0,1,0,0,0,0,1,52.51636620009716,13.380837624019106,0,1,2,0
716,197339,1,8,5,3,5,3,0,1,1,0,0,0,0,52.548197311504886,13.366682064990947,0,1,2,0
717,197342,1,8,5,3,1,5,0,1,1,0,0,0,0,52.50570719748155,13.500931607313573,0,1,5,0
718,197348,1,15,3,3,5,7,0,1,1,0,0,0,0,52.452296260502294,13.620816798443832,0,1,7,0
719,197349,1,7,5,3,4,5,1,1,1,0,0,0,0,52.47752727844503,13.425805179496525,0,1,5,0
720,197351,1,7,5,3,5,3,0,1,0,0,0,0,1,52.50678249553622,13.390514163742033,0,1,2,0
721,197352,1,14,3,3,5,2,0,0,1,0,0,0,0,52.51827599713585,13.420871925829609,0,1,2,0
722,197358,1,6,4,3,5,3,0,0,0,0,0,0,1,52.5656328339503,13.574792513864224,0,1,2,0
723,197363,1,18,4,3,0,5,2,1,1,0,0,0,0,52.52654496167268,13.491392064508126,0,1,5,0
724,197366,1,20,4,3,7,7,2,0,0,0,0,0,0,52.526699569253466,13.449133598568848,1,0,7,0
725,197371,2,16,5,3,5,2,1,0,1,0,0,0,0,52.505500892637684,13.325703885422412,0,1,2,0
726,197372,2,11,5,3,1,5,0,0,1,0,0,0,0,52.519861566831246,13.499376211261186,0,1,5,0
727,197374,2,15,5,3,6,7,0,0,0,0,0,1,0,52.531399529200286,13.338841198053682,0,1,7,0
728,197378,2,9,5,3,3,6,0,0,0,0,1,0,0,52.516901223650216,13.370332651002945,0,1,6,0
729,197382,1,7,6,3,3,6,1,1,0,0,0,0,1,52.44173498785303,13.381010892233975,0,1,6,0
730,197388,2,7,5,3,5,2,0,0,1,0,0,0,0,52.51636620009716,13.380837624019106,0,1,2,0
731,197392,1,7,6,3,5,2,2,1,1,0,0,0,0,52.49910056599158,13.480808795861723,0,1,2,0
732,197396,1,6,6,3,5,3,2,1,1,0,0,0,0,52.552108522286346,13.426992547247462,0,1,2,0
733,197405,2,6,5,2,5,3,2,0,1,0,0,0,0,52.50893297490736,13.505902377121725,0,1,2,0
734,197406,1,16,6,2,5,3,2,1,1,0,0,0,0,52.578947590206184,13.29993823469371,0,1,2,0
735,197414,2,20,5,3,3,6,2,0,0,0,0,0,1,52.50276633063727,13.420340829549437,0,1,6,0
736,197420,1,21,4,3,6,6,2,1,0,0,0,1,0,52.61559751198141,13.474843483380015,0,1,6,0
737,197421,1,6,6,3,5,3,2,1,1,0,0,0,0,52.49605406181507,13.405182424488313,0,1,2,0
738,197422,1,18,4,3,0,7,2,1,1,0,0,0,0,52.546703201100776,13.402385232462544,0,1,7,0
739,197423,1,11,6,3,1,5,0,1,1,0,0,0,0,52.55521356596682,13.383665315220744,0,1,5,0
740,197428,1,10,6,3,1,5,0,1,1,0,0,0,0,52.48959671548463,13.350099036095715,0,1,5,0
741,197429,1,22,4,3,5,3,2,1,1,0,0,0,0,52.5323807986115,13.46288118470605,0,1,2,0
742,197446,1,14,5,3,0,2,0,1,1,0,0,0,0,52.53619367939546,13.182057035817795,0,1,2,0
743,197458,1,8,4,3,5,2,0,0,1,0,0,0,0,52.51574701645556,13.390926817508841,0,1,2,0
744,197461,1,7,4,3,5,3,1,0,1,0,0,0,0,52.556092103529465,13.455565751761055,0,1,2,0
745,197465,1,7,4,3,5,3,0,0,0,0,0,0,0,52.46439484876149,13.28466130005788,1,0,2,0
746,197466,1,9,5,3,5,2,0,1,1,0,0,0,0,52.509632052306785,13.376792698903522,0,1,2,0
747,197469,1,15,4,3,1,5,0,0,1,0,0,0,0,52.47519055735518,13.28324677173866,0,1,5,0
748,197470,1,6,3,3,6,7,2,0,0,0,0,1,0,52.517281558800924,13.398232212509267,0,1,7,0
749,197473,1,8,5,3,5,2,0,0,1,0,0,0,0,52.50671634479329,13.399627754721427,0,1,2,0
750,197479,1,21,5,3,2,6,2,1,1,0,0,0,0,52.48159608682515,13.431589991811455,0,1,6,0