Unnamed: 0,OBJECTID,UMONAT,USTUNDE,UWOCHENTAG,UKATEGORIE,UART,UTYP1,ULICHTVERH,STRZUSTAND,IstPKW,IstKrad,IstGkfz,IstFuss,IstSonstige,lat,lon,alone,not_alone,UTYP2,weekend
751,197480,1,9,3,3,5,2,0,0,1,0,0,0,0,52.4524894341844,13.40801590008137,0,1,2,0
752,197486,1,17,3,2,3,6,2,0,0,0,0,0,1,52.459865740824824,13.472080127767232,0,1,6,0
753,197488,1,19,5,2,5,3,2,1,1,0,0,0,0,52.52453791531038,13.34983963034033,0,1,2,0
754,197492,1,19,5,3,5,3,2,1,1,0,0,0,0,52.46039006824218,13.275120523406494,0,1,2,0
755,197493,1,14,3,3,5,3,0,0,1,0,0,0,0,52.57429091756993,13.389775340474264,0,1,2,0
756,197499,1,17,5,3,1,5,2,1,1,0,0,0,0,52.49940313510678,13.445149380816321,0,1,5,0
757,197501,1,9,3,2,3,6,0,0,0,0,0,0,1,52.52598479007723,13.388757149964695,0,1,6,0
758,197504,1,19,3,3,5,2,2,0,1,0,0,0,0,52.4506472824174,13.572259941513336,0,1,2,0
759,197505,1,20,4,3,5,3,2,1,1,0,0,0,0,52.528599306462155,13.397312786326086,0,1,2,0
760,197506,1,10,4,3,6,4,0,0,0,0,0,1,0,52.44195751466261,13.315747555933244,0,1,4,0
761,197507,1,18,3,3,5,2,0,0,1,0,0,0,0,52.5270501976057,13.458644291994018,0,1,2,0
762,197508,1,7,4,3,6,7,1,1,0,0,0,1,0,52.528463210684926,13.393466035847005,0,1,7,0
763,197516,1,16,4,2,5,3,1,1,0,0,0,0,1,52.487904259460834,13.605440241967898,0,1,2,0
764,197519,1,9,2,3,3,6,0,0,1,0,0,0,0,52.50890843418047,13.320584091753506,0,1,6,0
765,197520,1,16,2,3,0,6,0,1,1,0,0,0,0,52.545517330978974,13.460920482563045,0,1,6,0
766,197526,1,18,4,3,5,3,2,0,1,0,0,0,0,52.50416884253213,13.344326790619586,0,1,2,0
767,197531,1,11,4,3,5,7,0,1,1,0,0,0,0,52.48186586416599,13.271960776248065,0,1,7,0
768,197533,1,17,2,2,1,5,2,1,1,0,0,0,0,52.550697837138536,13.396013646972563,0,1,5,0
769,197537,1,10,2,3,3,7,0,1,1,0,0,0,0,52.51512535447746,13.40430278871485,0,1,7,0
770,197539,1,17,2,3,0,6,2,1,0,1,0,0,0,52.51159298723593,13.29724843036376,0,1,6,0
771,197540,1,18,4,3,5,2,2,0,1,0,0,0,0,52.52319707452161,13.31336375672135,0,1,2,0
772,197543,1,7,4,3,1,5,1,1,1,0,0,0,0,52.47664741006357,13.433303815796654,0,1,5,0
773,197547,1,17,2,3,5,2,2,1,0,0,0,0,1,52.53982346211213,13.183203845495465,0,1,2,0
774,197551,1,16,2,3,0,1,2,1,0,0,0,0,0,52.53744292586213,13.290942047843947,1,0,1,0
775,197552,1,15,2,3,5,3,0,0,1,0,0,0,0,52.54509676661623,13.549446729834314,0,1,2,0
776,197553,1,13,4,3,5,3,0,1,1,0,0,0,0,52.504221028892744,13.359584046822338,0,1,2,0
777,197557,1,14,2,3,5,2,0,0,0,0,0,0,1,52.52942777544461,13.379408910430527,0,1,2,0
778,197558,1,23,3,3,5,2,2,1,1,0,0,0,0,52.490615129735744,13.342013124266824,0,1,2,0
779,197563,1,12,3,3,5,2,0,0,1,0,0,0,0,52.518789238585555,13.306409675673285,0,1,2,0
780,197569,1,7,3,3,1,5,0,1,0,0,1,0,0,52.49760076080312,13.431392625510965,0,1,5,0
781,197575,1,8,2,3,5,3,0,1,1,0,0,0,0,52.49814462183055,13.318860403026461,0,1,2,0
782,197579,1,17,3,3,5,2,2,1,1,0,0,0,0,52.56424318724508,13.507492491425195,0,1,2,0
783,197581,1,7,2,3,5,3,1,1,1,0,0,0,0,52.52793349386732,13.36407342535851,0,1,2,0
784,197582,1,18,3,3,1,5,2,1,0,0,0,0,1,52.514983312457545,13.443583531818652,0,1,5,0
785,197585,1,7,2,3,5,2,1,1,1,0,0,0,0,52.46044846236726,13.274814285590153,0,1,2,0
786,197587,1,7,2,3,5,2,2,0,1,0,0,0,0,52.440552227512796,13.381451592438975,0,1,2,0
787,197588,1,16,3,3,5,3,1,1,1,0,0,0,0,52.53123070582668,13.456981546669445,0,1,2,0
788,197596,1,15,3,2,5,3,0,1,1,0,0,0,0,52.50206970841585,13.48675705388562,0,1,2,0
789,197597,1,17,1,3,2,7,2,0,1,0,0,0,0,52.5149699804901,13.478171428876236,0,1,7,1
790,197598,1,15,3,3,1,5,0,1,1,0,0,0,0,52.483959236272156,13.372799509833545,0,1,5,0
791,197601,1,14,1,3,5,2,0,1,1,0,0,0,0,52.53128222926976,13.411939102235436,0,1,2,1
792,197602,1,8,3,3,5,2,0,0,1,0,0,0,0,52.50605477532211,13.42600828190806,0,1,2,0
793,197604,1,12,3,3,0,2,0,0,0,0,0,0,1,52.50983979905825,13.421207213332453,0,1,2,0
794,197608,1,9,3,1,1,5,0,1,0,0,1,0,0,52.48698589566847,13.275546611729894,0,1,5,0
795,197612,1,18,1,3,6,4,2,1,0,0,0,1,0,52.49443343291266,13.325952615329113,0,1,4,1
796,197614,1,18,1,3,3,6,2,0,1,0,0,0,0,52.50715820008856,13.333771247219426,0,1,6,1
797,197617,1,18,2,2,2,2,2,1,1,0,0,0,0,52.55402311250604,13.408710619815626,0,1,2,0
798,197620,1,13,2,3,1,5,0,0,1,0,0,0,0,52.42497502033782,13.377651524130695,0,1,5,0
799,197622,1,13,7,3,5,2,0,0,1,0,0,0,0,52.512598938010036,13.276658580265169,0,1,2,1
800,197627,1,7,7,3,5,2,2,1,1,0,0,0,0,52.525664725042546,13.540128109616447,0,1,2,1
801,197631,2,6,6,3,0,1,1,2,0,0,0,0,0,52.51398744506093,13.623538857566464,1,0,1,0
802,197632,2,13,5,3,0,6,0,0,0,0,0,0,1,52.506394718957175,13.283332520296854,0,1,6,0
803,197633,1,10,2,3,6,4,0,0,0,0,0,1,0,52.48981211427676,13.388854062519266,0,1,4,0
804,197634,2,9,5,3,5,7,0,0,1,0,0,0,0,52.49212838450108,13.396656050342068,0,1,7,0
805,197636,2,10,5,2,6,7,0,0,0,0,0,1,0,52.440262443811605,13.299667315342958,0,1,7,0
806,197638,1,9,2,3,2,7,0,0,0,0,0,0,1,52.514367259214715,13.442365867113063,0,1,7,0
807,197640,2,10,5,2,5,3,0,0,0,0,0,0,0,52.56384260393603,13.452040519299073,1,0,2,0
808,197643,1,23,7,3,5,7,2,0,1,0,0,0,0,52.47701959649884,13.441233612798063,0,1,7,1
809,197648,2,19,5,3,2,6,2,0,1,0,0,0,0,52.50368891867029,13.331082943246255,0,1,6,0
810,197649,1,7,2,2,0,3,0,0,0,0,0,0,0,52.52964251396529,13.436660778953714,1,0,2,0
811,197652,2,19,5,3,5,7,2,0,1,0,0,0,0,52.509790600074034,13.436385932298727,0,1,7,0
812,197655,2,18,5,3,5,2,2,0,1,0,0,0,0,52.52689386281957,13.41532818860743,0,1,2,0
813,197656,1,7,2,3,5,2,0,0,1,0,0,0,0,52.454667796299475,13.143348492679458,0,1,2,0
814,197662,1,11,6,3,4,6,0,0,0,0,0,0,1,52.491224648291826,13.533254553480766,0,1,6,0
815,197674,2,7,4,3,5,2,0,1,1,0,0,0,0,52.57392132894503,13.40769829077198,0,1,2,0
816,197679,2,1,7,3,4,6,2,2,0,0,0,0,1,52.44328974107335,13.30742305199353,0,1,6,1
817,197680,2,12,3,3,5,2,0,1,1,0,0,0,0,52.496521011176995,13.315781607364787,0,1,2,0
818,197682,2,11,6,3,5,7,0,0,1,0,0,0,0,52.52631296717786,13.345502316673453,0,1,7,0
819,197683,2,10,2,3,6,7,0,0,0,0,0,1,0,52.52221903625791,13.404367867516855,0,1,7,0
820,197685,2,6,2,3,5,3,1,1,0,0,0,0,0,52.49662682759365,13.405242702563696,1,0,2,0
821,197698,2,15,6,3,5,3,0,0,1,0,0,0,0,52.52512891799793,13.413685865796694,0,1,2,0
822,197699,2,7,6,3,5,2,1,0,1,0,0,0,0,52.54634550229513,13.515913600242927,0,1,2,0
823,197702,2,14,2,3,1,5,0,0,1,0,0,0,0,52.496620939926004,13.292675959453788,0,1,5,0
824,197703,2,22,6,2,0,1,2,0,0,0,0,0,0,52.5324954592082,13.403684195377537,1,0,1,0
825,197704,2,21,6,2,0,1,2,2,0,0,0,0,0,52.50978816386029,13.432044187211178,1,0,1,0
826,197711,2,6,6,3,2,6,2,0,1,0,0,0,0,52.44155353935216,13.584790354379301,0,1,6,0
827,197715,2,9,5,3,5,3,0,0,1,0,0,0,0,52.6074457643078,13.424481858233294,0,1,2,0
828,197717,2,8,5,3,5,3,0,0,1,0,0,0,0,52.53318004527917,13.404350980138672,0,1,2,0
829,197719,2,7,2,3,5,2,1,1,1,0,0,0,0,52.55472369807378,13.437309430161287,0,1,2,0
830,197723,2,12,2,3,5,3,0,0,1,0,0,0,0,52.525229399397055,13.177234691821536,0,1,2,0
831,197724,2,9,5,3,0,1,0,2,0,0,0,0,0,52.5139161160604,13.41772943192258,1,0,1,0
832,197730,2,15,5,3,5,3,0,0,1,0,0,0,0,52.543216366629544,13.490576066795152,0,1,2,0
833,197731,2,8,2,3,5,2,0,1,1,0,0,0,0,52.4195706704455,13.39854039190222,0,1,2,0
834,197737,2,6,3,3,1,5,1,1,1,0,0,0,0,52.46895729356146,13.32792742963606,0,1,5,0
835,197741,2,23,5,3,5,2,2,0,1,0,0,0,0,52.45131752037178,13.488369984451394,0,1,2,0
836,197743,2,19,4,3,2,6,2,0,1,0,0,0,0,52.51598732957253,13.310472521432764,0,1,6,0
837,197744,2,23,5,2,4,4,2,1,1,0,0,1,0,52.537399874650475,13.408499110786742,0,1,4,0
838,197746,2,18,4,3,5,3,2,0,1,0,0,0,0,52.50003431798593,13.407875543752482,0,1,2,0
839,197752,2,17,4,2,5,2,1,0,1,0,0,0,0,52.46477896702565,13.513527169482574,0,1,2,0
840,197757,2,16,4,3,3,6,0,0,1,0,0,0,0,52.528816736702225,13.408848415141161,0,1,6,0
841,197770,2,18,2,3,5,2,2,0,1,0,0,0,0,52.5554108407704,13.19816399794364,0,1,2,0
842,197772,2,8,4,3,5,3,0,0,1,0,0,0,0,52.5673340046541,13.314742164069832,0,1,2,0
843,197773,2,15,3,3,5,2,0,0,1,0,0,0,0,52.62020648075193,13.237613318886547,0,1,2,0
844,197774,2,13,3,3,5,3,0,0,1,0,0,0,0,52.41774134269304,13.495812865530448,0,1,2,0
845,197778,2,6,4,2,5,3,2,0,1,0,0,0,0,52.55440871079239,13.345294863271807,0,1,2,0
846,197779,2,20,3,3,5,2,2,0,0,0,0,0,1,52.55451188414227,13.431687078272578,0,1,2,0
847,197781,2,18,2,3,5,3,2,0,1,0,0,0,0,52.605382187309466,13.41728648818058,0,1,2,0
848,197786,2,17,6,3,5,2,2,0,1,0,0,0,0,52.53922426718348,13.198012885516805,0,1,2,0
849,197787,2,23,3,3,5,3,2,0,1,0,0,0,0,52.52519642273643,13.413187912322734,0,1,2,0
850,197788,2,16,3,3,1,5,0,0,1,0,0,0,1,52.49993980287058,13.436198021349776,0,1,5,0
851,197789,2,15,3,3,5,3,0,0,0,0,0,0,1,52.5070334488134,13.379295921359596,0,1,2,0
852,197790,2,14,3,3,5,3,0,0,1,0,0,0,0,52.552499319520976,13.427378445804004,0,1,2,0
853,197794,2,19,2,3,1,5,2,0,1,0,0,0,1,52.50430426751154,13.387161647131682,0,1,5,0
854,197795,2,6,3,3,5,3,1,0,1,0,0,0,0,52.536107030986784,13.602151565480444,0,1,2,0
855,197796,2,13,3,2,1,5,0,0,1,0,0,0,0,52.525006908015136,13.554981110095973,0,1,5,0
856,197798,2,8,4,2,6,4,0,0,0,0,0,1,0,52.55575612494847,13.383884335925755,0,1,4,0
857,197801,2,7,3,3,6,7,0,0,0,0,0,1,0,52.55546734873894,13.335275866952035,0,1,7,0
858,197805,2,9,3,3,5,3,0,0,1,0,0,0,0,52.552414293955486,13.427404066531384,0,1,2,0
859,197806,2,15,2,3,2,2,0,0,1,0,0,0,0,52.429009169033726,13.460189202380947,0,1,2,0
860,197819,2,16,2,3,5,3,0,0,1,0,0,0,0,52.62904434019304,13.435166106908856,0,1,2,0
861,197820,2,16,2,3,5,7,0,0,1,0,0,0,0,52.51012005215853,13.297997373847801,0,1,7,0
862,197823,2,16,3,2,5,2,0,2,1,0,0,0,0,52.47872665366597,13.332785887771376,0,1,2,0
863,197825,2,15,2,3,5,2,0,0,1,0,0,0,0,52.42214563189829,13.384633472240974,0,1,2,0
864,197828,2,14,2,3,6,4,0,0,0,0,0,1,0,52.43847140376604,13.344081288080751,0,1,4,0
865,197829,2,11,2,3,0,3,0,0,0,0,0,0,1,52.44828292609042,13.364063093510596,0,1,2,0
866,197831,2,15,2,2,5,2,0,0,0,0,1,0,0,52.59213448647579,13.326504656946454,0,1,2,0
867,197836,2,11,3,3,5,3,0,0,1,0,0,0,0,52.45983661148196,13.366517217452442,0,1,2,0
868,197845,2,15,2,3,5,3,0,0,1,0,0,0,0,52.49439758123609,13.440731675328035,0,1,2,0
869,197850,2,10,2,3,5,3,0,1,1,0,0,0,0,52.49608513531536,13.405415971932259,0,1,2,0
870,197851,2,14,1,3,0,1,0,1,0,0,0,0,0,52.49901198912942,13.417319542148435,1,0,1,1
871,197855,2,6,2,3,5,2,2,1,1,0,0,0,0,52.53173012217077,13.197474171673546,0,1,2,0
872,197859,2,12,5,3,5,2,0,0,1,0,0,0,0,52.56180893671913,13.326059270501226,0,1,2,0
873,197860,2,7,6,3,5,3,1,1,1,0,0,0,0,52.52057483327223,13.341405363509354,0,1,2,0
874,197864,2,18,2,3,3,6,2,1,1,0,0,0,0,52.48080982657448,13.442086538838687,0,1,6,0
875,197872,2,16,3,3,6,7,0,0,0,0,0,1,0,52.47213592022299,13.293371702872994,0,1,7,0
876,197883,2,9,1,3,5,2,0,0,1,0,0,0,0,52.48654316863831,13.32269169485764,0,1,2,1
877,197887,2,18,7,3,6,4,2,0,0,0,0,1,0,52.49131836432243,13.414809965709074,0,1,4,1
878,197892,2,12,7,3,5,5,0,1,1,0,0,0,0,52.514254511341285,13.384830182182474,0,1,5,1
879,197895,2,9,6,3,5,2,0,0,0,0,1,0,0,52.488904160508405,13.453909850254991,0,1,2,0
880,197899,2,18,7,3,5,2,2,0,1,0,0,0,0,52.511157482040225,13.401215299601395,0,1,2,1
881,197903,2,16,6,3,1,5,0,0,1,0,0,0,0,52.5001680959021,13.418492173914833,0,1,5,0
882,197904,2,20,6,3,0,7,1,1,1,0,0,0,0,52.53537028947976,13.428237230812366,0,1,7,0
883,197906,2,22,5,2,5,3,2,1,1,0,0,0,0,52.51231223091045,13.489675467851484,0,1,2,0
884,197917,2,0,4,3,0,1,2,0,0,0,0,0,0,52.483928414450105,13.39465534234165,1,0,1,0
885,197918,2,9,6,3,5,2,0,0,0,0,0,0,1,52.532689902453896,13.519077530764545,0,1,2,0
886,197919,2,19,6,3,5,3,2,1,1,0,0,0,0,52.49525008554071,13.366081170589867,0,1,2,0
887,197921,2,19,6,3,5,2,2,1,1,0,0,0,0,52.52624502208937,13.342945548167865,0,1,2,0
888,197924,2,16,4,3,5,3,0,0,1,0,0,0,0,52.52917898546035,13.566409735476315,0,1,2,0
889,197925,2,9,6,3,5,3,0,0,1,0,0,0,0,52.500940169573795,13.4115367763835,0,1,2,0
890,197926,2,15,5,3,0,2,0,0,0,0,0,0,1,52.538655707277925,13.481211409953945,0,1,2,0
891,197928,2,16,5,3,5,2,0,0,1,0,0,0,0,52.465047267784044,13.44282180512017,0,1,2,0
892,197930,2,17,5,3,5,3,1,0,1,0,0,0,0,52.52877346048988,13.569548599121287,0,1,2,0
893,197936,2,8,4,3,2,6,0,0,1,0,0,0,0,52.514860878299025,13.306677330451956,0,0,6,0
894,197937,2,8,2,3,5,3,0,2,1,0,0,0,0,52.423970891025,13.332984795045006,0,1,2,0
895,197940,2,14,4,3,5,2,0,0,1,0,0,0,0,52.51840349473119,13.45245523436022,0,1,2,0
896,197947,2,13,5,3,5,2,0,0,1,0,0,0,0,52.5082512227114,13.328142102884774,0,1,2,0
897,197952,2,13,1,3,5,2,0,0,1,0,0,0,0,52.49999054620877,13.465908926940582,0,1,2,1
898,197953,2,6,4,3,5,3,1,0,1,0,0,0,0,52.44042842592879,13.459090371748276,0,1,2,0
899,197955,2,11,4,3,1,5,0,0,0,0,1,0,0,52.519065881774395,13.454623491835553,0,1,5,0
900,197958,2,7,3,3,1,5,0,0,1,0,0,0,0,52.488338113351105,13.449195906656106,0,1,5,0
901,197959,2,9,4,3,5,2,0,0,1,0,0,0,0,52.52900051870986,13.403073331602792,0,1,2,0
902,197961,2,17,4,3,0,7,2,0,0,0,0,0,0,52.5815320022163,13.41194226276645,1,0,7,0
903,197962,2,15,3,3,5,2,0,0,1,0,0,0,0,52.50786682959434,13.404474808507748,0,1,2,0
904,197963,2,16,4,3,6,4,0,0,0,0,0,1,0,52.51148279635596,13.407149710609849,0,1,4,0
905,197966,2,14,4,3,2,6,0,0,1,0,0,0,0,52.506430124241895,13.469753220274994,0,0,6,0
906,197968,2,14,4,3,2,6,0,0,1,0,0,0,0,52.467422046319186,13.440351743296587,0,1,6,0
907,197976,2,11,4,2,5,3,0,0,1,0,0,0,0,52.47542268668376,13.33262602223831,0,1,2,0
908,197981,2,17,2,3,5,3,1,0,1,0,0,0,0,52.43017242917488,13.477618047329855,0,1,2,0
909,197988,2,13,3,3,5,2,0,0,0,0,0,0,1,52.47468256007232,13.361841548681605,0,1,2,0
910,197997,2,9,2,3,1,5,0,0,1,0,0,0,0,52.51973809698266,13.194045867854312,0,1,5,0
911,198001,2,14,5,3,5,2,0,0,1,0,0,0,0,52.59540852718649,13.332807770270055,0,1,2,0
912,198004,2,18,3,3,5,3,2,0,1,0,0,0,0,52.538927867271795,13.399141693493805,0,1,2,0
913,198009,2,0,3,2,5,3,2,0,1,0,0,0,0,52.50378742851738,13.410282934849393,0,1,2,0
914,198012,2,9,7,2,0,7,0,0,0,0,0,0,0,52.50566445764564,13.30690270874758,1,0,7,1
915,198015,2,8,3,3,5,3,0,0,1,0,0,0,0,52.50319136538518,13.580985115439004,0,1,2,0
916,198016,2,14,3,3,5,2,0,0,1,0,0,0,0,52.44308702709938,13.315607080730116,0,1,2,0
917,198017,2,9,3,3,5,3,0,0,1,0,0,0,0,52.5015523307984,13.382081448282015,0,1,2,0
918,198018,2,10,3,3,5,2,0,0,1,0,0,0,0,52.49245211027109,13.390927161841375,0,1,2,0
919,198028,2,20,2,3,5,3,2,0,1,0,0,0,0,52.503785585497816,13.410289860980013,0,1,2,0
920,198030,2,17,2,2,2,6,1,0,1,0,0,0,0,52.5820053754317,13.40929212064049,0,1,6,0
921,198032,2,18,2,3,3,6,2,0,1,0,0,0,0,52.50428471171757,13.335930718886486,0,1,6,0
922,198034,2,16,5,3,0,2,0,0,1,0,0,0,0,52.531666397464456,13.419908625125466,0,1,2,0
923,198041,2,8,2,3,1,5,0,0,1,0,0,0,0,52.5247640432844,13.41021075409749,0,1,5,0
924,198043,2,14,2,3,5,3,0,0,0,0,0,0,1,52.49285128313166,13.387425375273278,0,1,2,0
925,198046,2,14,2,3,5,2,0,0,1,0,0,0,0,52.54802305335552,13.361589885631313,0,1,2,0
926,198055,2,14,2,2,5,3,0,0,1,0,0,0,0,52.557812040162496,13.548741702011945,0,1,2,0
927,198059,2,13,7,3,1,5,0,0,1,0,0,0,0,52.547105885525646,13.374711528935766,0,1,5,1
928,198060,2,9,2,3,5,5,0,0,1,0,0,0,0,52.49040600563878,13.316590852598065,0,1,5,0
929,198065,2,20,2,3,1,5,2,0,1,0,0,0,0,52.463645746507005,13.335846856564142,0,1,5,0
930,198066,2,14,2,2,5,3,0,0,1,0,0,0,0,52.520671558157396,13.473434639591614,0,1,2,0
931,198067,2,16,2,2,5,3,0,0,1,0,0,0,0,52.43113111562343,13.322689037421114,0,1,2,0
932,198071,2,1,1,2,1,5,2,1,1,0,0,0,0,52.4331320254022,13.215823749295664,0,1,5,1
933,198072,2,8,5,3,5,3,0,0,1,0,0,0,0,52.616918865081466,13.220639619526189,0,1,2,0
934,198074,2,0,7,3,0,1,2,0,0,0,0,0,0,52.499127001237575,13.426781039453475,1,0,1,1
935,198081,2,9,1,2,5,3,0,0,1,0,0,0,0,52.41121722217631,13.334416373068578,0,1,2,1
936,198088,2,2,1,3,0,1,2,0,0,0,0,0,0,52.60732646496653,13.42503640673584,1,0,1,1
937,198095,2,5,5,3,5,3,2,0,1,0,0,0,0,52.560555764294996,13.477632768033025,0,1,2,0
938,198098,2,18,4,2,0,5,2,0,1,0,0,0,0,52.50595452840825,13.321169189466882,0,1,5,0
939,198101,2,12,7,3,6,6,0,0,0,0,0,1,0,52.505347624359246,13.340483853594634,0,1,6,1
940,198104,2,16,2,2,5,3,0,0,1,0,0,0,0,52.469564842994565,13.331162506881595,0,1,2,0
941,198107,2,7,5,3,1,5,0,0,1,0,0,0,1,52.51366744791246,13.590305125314984,0,1,5,0
942,198109,2,15,7,3,5,3,0,0,1,0,0,0,0,52.49031619237206,13.452029924203956,0,1,2,1
943,198111,2,18,6,3,1,5,2,0,1,0,0,0,0,52.50846868069664,13.425579694623751,0,1,5,0
944,198118,2,9,5,2,5,3,0,0,1,0,0,0,0,52.44304025899489,13.580528633998805,0,1,2,0
945,198120,2,9,2,3,5,2,0,1,0,0,1,0,0,52.459742840229644,13.403892645415164,0,1,2,0
946,198124,2,18,7,3,5,2,2,0,1,0,0,0,0,52.519781838550976,13.462459883783438,0,1,2,1
947,198126,2,15,7,3,5,7,0,0,1,0,0,0,0,52.44669494945591,13.623608157101133,0,1,7,1
948,198128,2,19,3,3,1,5,2,0,1,0,0,0,1,52.50440336269053,13.441893655954175,0,1,5,0
949,198131,2,14,7,3,5,3,0,0,1,0,0,0,0,52.46245125231915,13.444873150099411,0,1,2,1
950,198135,2,7,6,3,5,2,0,0,1,0,0,0,0,52.52323356611301,13.456374633209526,0,1,2,0
951,198137,2,13,5,3,2,2,0,0,1,0,0,0,0,52.49838048223751,13.334585502833438,0,1,2,0
952,198139,2,7,6,3,0,7,1,0,0,0,0,0,0,52.39978293243399,13.409536446488213,1,0,7,0
953,198145,2,21,6,3,5,3,2,0,1,0,0,0,0,52.473572704577215,13.320003373654115,0,1,2,0
954,198149,2,23,1,2,1,1,2,0,1,0,0,0,0,52.45832522790785,13.333101796372285,0,1,1,1
955,198152,2,12,6,3,5,3,0,0,1,0,0,0,0,52.48711145423521,13.426921477298484,0,1,2,0
956,198157,2,8,3,2,5,2,0,0,1,0,0,0,0,52.48478495303582,13.444152856004159,0,1,2,0
957,198158,2,15,6,3,1,6,0,0,0,0,0,0,1,52.50545115802146,13.420486249445288,0,1,6,0
958,198160,2,16,6,3,5,3,0,0,1,0,0,0,0,52.43514017715421,13.305551030097115,0,1,2,0
959,198162,2,15,5,3,5,2,0,0,0,0,0,0,1,52.50616985190482,13.332600376047086,0,1,2,0
960,198164,2,9,6,3,5,2,0,0,1,0,0,0,0,52.50545999403607,13.327833563368015,0,1,2,0
961,198166,2,23,6,3,0,1,2,0,0,0,0,0,0,52.518486763799324,13.400849460567928,1,0,1,0
962,198167,2,7,5,2,0,1,0,0,0,0,0,0,0,52.472363837134544,13.29852412699372,1,0,1,0
963,198168,2,18,2,3,5,2,2,0,1,0,0,0,0,52.55009920656865,13.385391823231378,0,1,2,0
964,198172,2,18,6,3,3,2,2,0,1,0,0,0,0,52.50951241513339,13.400192905651592,0,1,2,0
965,198173,2,18,7,2,5,2,2,0,1,0,0,0,0,52.51180864737563,13.322102513380456,0,1,2,1
966,198174,2,15,5,3,5,2,0,0,1,0,0,0,0,52.56095848963234,13.388188962704296,0,1,2,0
967,198176,2,12,6,3,5,2,0,0,1,0,0,0,0,52.52726892764603,13.211572849644403,0,1,2,0
968,198181,2,9,6,3,2,6,0,1,1,0,0,0,0,52.55089154155154,13.384066782604911,0,1,6,0
969,198182,2,8,6,3,5,3,0,1,1,0,0,0,0,52.56350994819967,13.402781001401884,0,1,2,0
970,198190,2,2,6,3,0,1,2,1,0,0,0,0,0,52.45990038096528,13.578162664017205,1,0,1,0
971,198191,2,16,5,3,5,2,2,0,1,0,0,0,0,52.54211524023562,13.3364977359411,0,1,2,0
972,198195,2,7,2,2,2,6,1,2,1,0,0,0,0,52.526543738452816,13.354027743885515,0,1,6,0
973,198196,2,9,5,3,5,3,0,0,1,0,0,0,0,52.528355739008646,13.319587776806063,0,1,2,0
974,198198,2,9,5,3,0,1,0,0,0,0,0,0,0,52.52200651273714,13.404484973775132,1,0,1,0
975,198224,3,17,2,3,1,5,0,0,1,0,0,0,0,52.420245989075795,13.501195465281247,0,1,5,0
976,198227,3,16,2,3,5,2,0,0,1,0,0,0,0,52.49404262286682,13.402833767167802,0,1,2,0
977,198235,3,19,3,3,5,3,2,1,0,0,0,0,1,52.53406943261852,13.403325433899298,0,1,2,0
978,198239,3,20,3,3,1,5,2,1,1,0,0,0,0,52.488871721702566,13.399771574347081,0,1,5,0
979,198240,2,10,4,3,2,7,0,0,1,0,0,0,0,52.486947852861135,13.422598708993776,0,1,7,0
980,198251,3,16,2,3,5,3,0,1,1,0,0,0,0,52.52255390131981,13.367221213763086,0,1,2,0
981,198257,3,15,2,3,5,3,0,1,1,0,0,0,0,52.5553937229384,13.324899666713495,0,1,2,0
982,198266,3,13,2,3,5,3,0,1,1,0,0,0,0,52.61126778309686,13.301289884989341,0,1,2,0
983,198267,3,6,2,3,0,1,2,2,0,0,0,0,0,52.527763555439094,13.144177385765078,1,0,1,0
984,198270,3,18,3,3,5,3,2,1,1,0,0,0,0,52.50390355540511,13.410967611806312,0,1,2,0
985,198271,3,7,2,3,5,3,0,0,1,0,0,0,0,52.539299711673785,13.452395564966194,0,1,2,0
986,198275,3,11,2,3,1,5,0,0,1,0,0,0,0,52.50117527008207,13.50898657694492,0,1,5,0
987,198276,3,12,2,3,5,3,0,0,1,0,0,0,0,52.50635870599887,13.351754608015835,0,1,2,0
988,198280,3,18,2,3,5,2,2,1,1,0,0,0,0,52.49795499851721,13.320295676906454,0,1,2,0
989,198285,2,8,4,3,5,7,0,0,1,0,0,0,0,52.49967157709418,13.465954206082154,0,1,7,0
990,198286,3,18,2,3,2,2,2,1,1,0,0,0,0,52.52745387668896,13.392929069205724,0,1,2,0
991,198297,3,20,2,3,5,3,2,1,1,0,0,0,0,52.56981059662898,13.538237864361982,0,1,2,0
992,198299,3,19,2,3,1,5,2,1,1,0,0,0,0,52.533862412144224,13.353270254025785,0,1,5,0
993,198300,3,19,2,3,1,5,2,1,1,0,0,0,0,52.48964593147975,13.408313875701715,0,1,5,0
994,198311,3,19,3,3,6,4,2,1,0,0,0,1,0,52.49646621286241,13.349911465852045,0,1,4,0
995,198315,3,9,2,3,0,1,0,0,0,0,0,0,0,52.53255760191472,13.398617134246097,1,0,1,0
996,198317,3,15,1,3,5,3,0,0,0,0,0,0,1,52.49140571673256,13.396446465884805,0,1,2,1
997,198322,3,11,7,2,5,3,0,0,0,0,0,0,1,52.417038551140365,13.30487412166274,0,1,2,1
998,198323,3,14,1,3,6,4,0,0,0,0,0,1,0,52.419356148532884,13.208749585493912,0,1,4,1
999,198325,3,6,1,2,0,1,0,0,0,0,0,0,0,52.626951311380736,13.497713310802682,1,0,1,1
1000,198326,3,2,1,3,3,6,2,0,1,0,0,0,0,52.643012716417246,13.30337211517519,0,1,6,1