Unnamed: 0,OBJECTID,UMONAT,USTUNDE,UWOCHENTAG,UKATEGORIE,UART,UTYP1,ULICHTVERH,STRZUSTAND,IstPKW,IstKrad,IstGkfz,IstFuss,IstSonstige,lat,lon,alone,not_alone,UTYP2,weekend
1001,198328,3,16,1,3,1,6,0,0,1,0,0,0,1,52.59286372886981,13.3103224794802,0,1,6,1
1002,198330,3,18,1,3,5,2,2,0,1,0,0,0,0,52.500137422439614,13.306970851207376,0,1,2,1
1003,198332,3,16,3,3,5,2,0,1,1,0,0,0,0,52.44198109879036,13.56972276056905,0,1,2,0
1004,198333,3,17,1,3,5,3,1,0,1,0,0,0,0,52.53972285744946,13.352714104014769,0,1,2,1
1005,198337,2,8,4,3,1,6,0,0,0,0,0,0,1,52.50075117305211,13.4212437552269,0,1,6,0
1006,198338,3,15,1,3,5,3,0,0,1,0,0,0,0,52.548475151639316,13.181408459822284,0,1,2,1
1007,198339,3,11,7,2,1,5,0,0,1,0,0,0,0,52.50165751738079,13.303876033623336,0,1,5,1
1008,198340,3,13,1,3,0,2,0,0,0,0,0,0,1,52.51633331087653,13.380854720804832,0,1,2,1
1009,198343,3,11,1,2,1,5,0,0,1,0,0,0,0,52.500627710908574,13.223304681384542,0,1,5,1
1010,198344,3,16,7,3,2,2,0,0,1,0,0,0,0,52.509284701378796,13.473149770739699,0,1,2,1
1011,198348,3,10,1,3,5,3,0,0,1,0,0,0,0,52.416315232271394,13.340126795807555,0,1,2,1
1012,198349,3,19,6,3,5,2,2,0,1,0,0,0,0,52.505154190372046,13.4713764488552,0,1,2,0
1013,198351,3,3,1,3,1,5,2,1,1,0,0,0,0,52.511068949983866,13.428058746300444,0,1,5,1
1014,198359,3,14,7,3,5,2,0,0,1,0,0,0,0,52.584615857632414,13.311058632893909,0,1,2,1
1015,198362,3,10,7,3,5,7,0,1,1,0,0,0,0,52.587997263818636,13.288772404104474,0,1,7,1
1016,198363,3,19,3,2,0,7,2,1,0,0,0,0,0,52.54182513611961,13.606461572601454,1,0,7,0
1017,198375,3,14,6,3,5,3,0,0,1,0,0,0,0,52.58815984662258,13.339936332034275,0,1,2,0
1018,198379,3,20,6,3,5,3,2,0,1,0,0,0,0,52.57005216191136,13.300287561012125,0,1,2,0
1019,198381,3,8,6,2,5,3,0,0,1,0,0,0,0,52.49917173983334,13.427642405767894,0,1,2,0
1020,198386,3,7,6,3,5,2,0,0,1,0,0,0,0,52.478830013354084,13.320344056366286,0,1,2,0
1021,198391,3,9,6,3,1,5,0,0,1,0,0,0,0,52.52210361421632,13.405052227348149,0,1,5,0
1022,198393,3,17,3,3,5,2,1,1,1,0,0,0,0,52.491832841202495,13.451030879256733,0,1,2,0
1023,198396,3,15,6,3,3,2,0,0,0,0,0,0,1,52.50206319115942,13.416612107973533,0,1,2,0
1024,198399,3,7,6,3,5,3,0,1,1,0,0,0,0,52.429616088203076,13.213446822100144,0,1,2,0
1025,198403,3,19,6,3,5,7,2,0,1,0,0,0,0,52.49769211755288,13.294264465733676,0,1,7,0
1026,198406,3,4,6,3,5,3,1,0,1,0,0,0,0,52.520186024302724,13.423316562551847,0,1,2,0
1027,198409,3,19,5,3,3,6,2,0,1,0,0,0,0,52.49883862868065,13.417241246631908,0,1,6,0
1028,198415,3,12,5,3,5,5,0,0,1,0,0,0,0,52.50776445443253,13.413951699843984,0,1,5,0
1029,198420,3,7,6,3,0,1,0,2,0,0,0,0,0,52.44933737251335,13.66375011219636,1,0,1,0
1030,198422,3,11,5,3,2,2,0,0,1,0,0,0,0,52.55107864448769,13.429946208223253,0,1,2,0
1031,198423,3,15,6,3,5,2,0,0,1,0,0,0,0,52.50630877372701,13.368262745933187,0,1,2,0
1032,198429,3,8,2,3,0,1,0,2,0,0,0,0,0,52.57765299473573,13.361395820036087,1,0,1,0
1033,198431,3,22,5,3,6,7,2,0,0,0,0,1,0,52.51553067354003,13.467955256305409,0,1,7,0
1034,198434,3,17,5,3,5,3,0,0,1,0,0,0,0,52.57440732377074,13.409908371085267,0,1,2,0
1035,198437,3,19,5,3,5,2,2,0,1,0,0,0,0,52.450567827589005,13.6230022606997,0,1,2,0
1036,198438,3,9,5,3,5,2,0,0,1,0,0,0,0,52.52271996278093,13.380418124989259,0,1,2,0
1037,198441,3,9,5,3,5,2,0,0,1,0,0,0,0,52.50348031775818,13.411019724889613,0,1,2,0
1038,198443,3,12,5,3,5,2,0,1,1,0,0,0,0,52.525664829509104,13.5401281071336,0,1,2,0
1039,198450,3,6,5,3,5,2,1,1,0,0,1,0,0,52.4324025440645,13.535216600127807,0,1,2,0
1040,198453,3,8,5,3,0,6,0,0,0,0,0,0,1,52.533486223256766,13.607554089063324,0,1,6,0
1041,198458,3,10,5,3,1,5,0,1,1,0,0,0,0,52.569673721446584,13.41515522145309,0,1,5,0
1042,198464,3,17,5,3,1,5,2,0,1,0,0,0,0,52.51172643148706,13.407900844654947,0,1,5,0
1043,198465,3,10,3,3,6,4,0,0,0,0,0,1,0,52.54327937191317,13.441635370725832,0,1,4,0
1044,198467,3,7,5,3,5,3,0,1,1,0,0,0,0,52.436773532820645,13.314075695277172,0,1,2,0
1045,198468,3,17,5,3,5,3,2,0,1,0,0,0,0,52.522806891309,13.460165809040635,0,1,2,0
1046,198473,3,9,5,3,0,7,0,1,0,0,0,0,0,52.507687047865716,13.471707601067207,1,0,7,0
1047,198474,3,8,4,3,5,3,0,0,1,0,0,0,0,52.51501688242946,13.419337876496265,0,1,2,0
1048,198475,3,14,5,2,3,3,0,0,1,0,1,0,0,52.42800188497305,13.325474958897088,0,1,2,0
1049,198477,3,14,5,3,5,3,0,0,1,0,0,0,0,52.422777131212904,13.527826916331005,0,1,2,0
1050,198482,3,14,5,3,5,2,0,0,1,0,0,0,0,52.43620389317161,13.21662651215085,0,1,2,0
1051,198486,3,9,4,3,5,3,0,1,1,0,0,0,0,52.51570589487167,13.426681987301546,0,1,2,0
1052,198488,3,13,5,3,5,2,0,0,1,0,0,0,0,52.527561907964795,13.389139975078995,0,1,2,0
1053,198495,3,13,5,3,5,2,0,0,1,0,0,0,0,52.478847654464396,13.328813924421327,0,1,2,0
1054,198496,3,8,4,2,5,3,0,2,1,0,0,0,0,52.53376793131972,13.17924711990139,0,1,2,0
1055,198498,2,13,4,3,5,2,0,0,0,0,0,0,1,52.48503360549486,13.376708783673765,0,1,2,0
1056,198507,3,18,4,2,5,3,2,1,1,0,0,0,0,52.402216785793726,13.577553255731821,0,1,2,0
1057,198508,2,12,4,3,5,2,0,0,1,0,0,0,0,52.581687480057475,13.406148205232626,0,1,2,0
1058,198511,3,17,4,3,7,7,0,1,0,0,0,0,0,52.4909428450434,13.32844494789712,1,0,7,0
1059,198513,3,17,3,2,5,3,1,1,1,0,0,0,0,52.49866981390944,13.356930240679569,0,1,2,0
1060,198522,3,19,3,3,5,3,2,0,1,0,0,0,0,52.5070334488134,13.379295921359596,0,1,2,0
1061,198524,3,16,2,3,5,2,0,0,1,0,0,0,0,52.551488486937636,13.403854731331116,0,1,2,0
1062,198527,3,7,2,3,6,4,1,0,0,0,0,1,0,52.486797914882295,13.313891187764375,0,1,4,0
1063,198535,3,15,2,3,2,2,0,0,1,0,0,0,0,52.43321468572371,13.352997562212696,0,1,2,0
1064,198536,3,16,3,3,2,6,0,1,1,0,0,0,0,52.5704054498445,13.320514775973685,0,1,6,0
1065,198538,3,15,3,3,0,5,0,0,1,0,0,0,0,52.4915852906671,13.322791771029472,0,1,5,0
1066,198542,3,7,3,3,5,2,0,0,1,0,0,0,0,52.46002176421614,13.580816683964212,0,1,2,0
1067,198545,3,13,2,3,0,1,0,1,0,0,0,0,0,52.504840991589525,13.341181151257627,1,0,1,0
1068,198546,3,8,3,3,5,2,0,1,1,0,0,0,0,52.4685493085701,13.420768770047346,0,1,2,0
1069,198552,3,18,2,3,5,3,0,0,1,0,0,0,0,52.523502668637455,13.373762332559776,0,1,2,0
1070,198554,3,17,2,3,5,2,0,0,1,0,0,0,0,52.5289657738289,13.401908510572438,0,1,2,0
1071,198559,3,15,2,3,3,6,0,0,1,0,0,0,0,52.52942969904039,13.397485002576321,0,1,6,0
1072,198562,3,15,2,3,5,2,0,0,0,0,0,0,1,52.4392618859924,13.262660912320518,0,1,2,0
1073,198568,3,15,1,3,1,5,0,0,1,0,0,0,0,52.535484868124534,13.427906663411553,0,1,5,1
1074,198569,3,9,2,3,5,3,0,0,1,0,0,0,0,52.48847401570794,13.301875023748252,0,1,2,0
1075,198578,3,15,1,3,0,1,0,0,0,0,0,0,0,52.53192967317296,13.403132270953169,1,0,1,1
1076,198582,3,7,2,3,5,3,0,0,1,0,0,0,0,52.50724726979542,13.468107062401725,0,1,2,0
1077,198587,3,13,1,3,5,2,0,0,1,0,0,0,0,52.54407832750561,13.415453918400756,0,1,2,1
1078,198588,3,14,2,3,5,2,0,0,1,0,0,0,0,52.48000610400837,13.303987196867382,0,1,2,0
1079,198593,3,16,2,3,6,4,0,0,0,0,0,1,0,52.54901980307849,13.177236201220396,0,1,4,0
1080,198601,3,17,2,2,5,2,0,0,1,0,0,0,0,52.54541798813692,13.379427397663296,0,1,2,0
1081,198608,3,20,2,3,5,2,2,0,1,0,0,0,0,52.45791842928197,13.31779578235456,0,1,2,0
1082,198610,3,20,7,2,0,1,2,0,0,0,0,0,0,52.547993697318276,13.494165553882508,1,0,1,1
1083,198618,3,16,7,3,5,2,0,0,1,0,0,0,0,52.513112352900436,13.447619151653134,0,1,2,1
1084,198624,3,20,1,3,1,5,2,0,1,0,0,0,1,52.52331188122582,13.403131086978695,0,1,5,1
1085,198625,3,13,7,2,6,4,0,0,0,0,0,1,0,52.52051859037726,13.38823269059392,0,1,4,1
1086,198641,3,17,6,3,3,6,0,0,1,0,0,0,0,52.49130266050096,13.392558117233547,0,1,6,0
1087,198648,3,9,6,3,5,3,0,0,1,0,0,0,0,52.494287368223546,13.399614622908773,0,1,2,0
1088,198657,3,15,7,3,5,3,0,0,1,0,0,0,0,52.59879187738312,13.343509314870355,0,1,2,1
1089,198663,3,17,6,3,5,2,0,0,1,0,0,0,0,52.502391949780815,13.486609808174016,0,1,2,0
1090,198668,3,14,6,3,5,3,0,0,0,0,0,0,1,52.54727979031169,13.554832464696474,0,1,2,0
1091,198670,3,19,6,3,3,6,2,0,1,0,0,0,0,52.52969616403872,13.40482741028852,0,1,6,0
1092,198677,3,8,6,2,2,6,0,1,1,0,0,0,0,52.430408463474464,13.531415480075431,0,1,6,0
1093,198680,3,8,6,3,6,7,0,1,0,0,0,1,0,52.53283789034511,13.4119086066132,0,1,7,0
1094,198682,3,15,6,3,3,6,0,1,1,0,0,0,0,52.508647505315245,13.497431777114633,0,1,6,0
1095,198685,3,11,6,3,5,2,0,1,0,1,0,0,0,52.50680717896884,13.413213822756386,0,1,2,0
1096,198687,3,13,6,3,6,4,0,1,0,0,0,1,0,52.48168796625816,13.434020715261884,0,1,4,0
1097,198688,3,13,6,2,3,6,0,0,0,0,1,0,0,52.50657082806652,13.299238338424532,0,1,6,0
1098,198690,3,13,6,3,4,6,0,0,0,1,0,0,0,52.41021875121703,13.665749011073085,0,1,6,0
1099,198694,3,12,3,3,1,3,0,0,1,0,0,0,0,52.45846806448396,13.33532693817374,0,1,2,0
1100,198707,3,17,5,3,5,3,0,1,1,0,0,0,0,52.538353139839785,13.275967767882664,0,1,2,0
1101,198713,3,8,5,3,5,2,0,0,0,0,0,0,1,52.52239138141358,13.45068095270231,0,1,2,0
1102,198715,3,12,3,2,5,2,0,0,0,0,0,0,1,52.555924970319424,13.429462937023125,0,1,2,0
1103,198717,3,15,5,3,5,3,0,1,1,0,0,0,0,52.574695765682115,13.373532277837914,0,1,2,0
1104,198718,3,10,5,3,5,2,0,0,1,0,0,0,0,52.502921137372205,13.413299587890089,0,1,2,0
1105,198723,3,14,5,3,5,2,0,1,1,0,0,0,0,52.5127602592984,13.411552114981356,0,1,2,0
1106,198725,3,11,5,3,5,3,0,0,1,0,0,0,0,52.53965908003581,13.484157026699394,0,1,2,0
1107,198730,3,12,5,3,1,5,0,1,0,0,0,0,1,52.475939005385506,13.3444146895163,0,1,5,0
1108,198731,3,20,5,2,5,2,2,1,0,0,0,0,1,52.55003662200586,13.387882970265016,0,1,2,0
1109,198739,3,14,2,3,5,2,0,0,1,0,0,0,0,52.44149551132053,13.298314533349853,0,1,2,0
1110,198742,3,12,5,3,1,5,0,1,1,0,0,0,0,52.50205731020779,13.316913734430285,0,1,5,0
1111,198744,3,18,4,3,3,6,1,0,1,0,0,0,0,52.480997025521575,13.426395358478533,0,1,6,0
1112,198746,3,7,5,2,5,3,0,1,1,0,0,0,0,52.46834296463288,13.490596606632971,0,1,2,0
1113,198748,3,14,4,2,5,7,0,0,1,0,0,0,0,52.46989241672711,13.371940536509006,0,1,7,0
1114,198750,3,10,4,3,5,3,0,0,1,0,0,0,0,52.49205398273242,13.52688693400199,0,1,2,0
1115,198752,3,7,4,3,5,3,0,1,1,0,0,0,0,52.4998502234949,13.296478897991914,0,1,2,0
1116,198754,3,8,5,3,5,2,0,1,1,0,0,0,0,52.488895200432786,13.397394455945294,0,1,2,0
1117,198758,3,10,5,3,5,2,0,1,1,0,0,0,0,52.5095244957104,13.35153372726677,0,1,2,0
1118,198760,3,11,2,3,5,3,0,0,1,0,0,0,0,52.51809444723232,13.409905318155193,0,1,2,0
1119,198764,3,19,4,3,1,5,2,0,1,0,0,0,0,52.48645676838261,13.35971486025774,0,1,5,0
1120,198765,3,8,4,3,4,2,0,0,1,0,0,0,0,52.531852401591905,13.305757549270721,0,1,2,0
1121,198770,3,17,4,2,5,2,0,0,1,0,0,0,0,52.386668696460866,13.407008628977554,0,1,2,0
1122,198774,3,17,4,3,5,2,0,0,1,0,0,0,0,52.51636620009716,13.380837624019106,0,1,2,0
1123,198776,3,16,4,3,5,2,0,0,1,0,0,0,0,52.522549412023274,13.379631752748734,0,1,2,0
1124,198778,3,15,4,3,0,7,0,0,0,0,0,0,0,52.50695879105978,13.354605327175687,1,0,7,0
1125,198779,3,15,4,3,2,6,0,0,1,0,0,0,0,52.52143349508298,13.446855387907025,0,0,6,0
1126,198781,3,14,4,3,1,5,0,1,1,0,0,0,0,52.48153085815321,13.439621936873813,0,1,5,0
1127,198786,3,19,4,3,1,7,2,0,1,0,0,0,0,52.57246525163007,13.408250929602834,0,1,7,0
1128,198790,3,12,4,3,5,3,0,1,1,0,0,0,0,52.55064087335851,13.511828301493196,0,1,2,0
1129,198792,3,14,4,3,5,2,0,0,1,0,0,0,0,52.55113201017427,13.165363512054718,0,1,2,0
1130,198797,3,14,4,3,5,3,0,0,1,0,0,0,0,52.48062051267436,13.378929404913983,0,1,2,0
1131,198798,3,18,3,2,6,4,2,2,0,0,0,1,0,52.44905686298864,13.338605929336214,0,1,4,0
1132,198799,3,13,4,3,5,3,0,0,1,0,0,0,0,52.53401467611068,13.496499844569893,0,1,2,0
1133,198800,3,13,3,3,3,6,0,0,1,0,0,0,0,52.455824100585254,13.384107246978207,0,1,6,0
1134,198801,3,10,3,3,0,7,0,0,0,0,0,0,0,52.473859894223004,13.520224068051936,1,0,7,0
1135,198806,3,8,4,3,1,5,0,0,1,0,0,0,1,52.45583654635539,13.315529899272015,0,1,5,0
1136,198808,3,6,4,3,5,2,0,0,1,0,0,0,0,52.48658140670005,13.526960652742927,0,1,2,0
1137,198810,3,16,3,3,1,5,0,0,1,0,0,0,0,52.492317664392694,13.340834585641954,0,1,5,0
1138,198811,3,7,4,3,5,3,0,0,1,0,0,0,0,52.49673617516924,13.449499012527495,0,1,2,0
1139,198813,3,16,3,3,5,2,0,0,1,0,0,0,0,52.58716813193896,13.323613195996476,0,1,2,0
1140,198814,3,10,3,2,5,2,0,0,1,0,0,0,0,52.49543755528318,13.331092999843445,0,1,2,0
1141,198817,3,7,4,3,5,2,0,0,1,0,0,0,0,52.48468405697835,13.352995594521733,0,1,2,0
1142,198819,3,8,4,3,5,3,0,0,1,0,0,0,0,52.54206560122365,13.45336306391232,0,1,2,0
1143,198823,3,8,3,3,5,7,0,1,0,0,1,0,0,52.51528656183914,13.397272653496472,0,1,7,0
1144,198827,4,9,2,3,1,5,0,0,1,0,0,0,0,52.530581993751966,13.40194441127043,0,1,5,0
1145,198829,4,15,2,3,5,2,0,0,1,0,0,0,0,52.49188651838378,13.413322405199034,0,1,2,0
1146,198836,4,6,3,3,5,2,0,1,1,0,0,0,0,52.41834282813675,13.416943235758252,0,1,2,0
1147,198837,4,12,2,3,5,2,0,0,1,0,0,0,0,52.490081791918705,13.36097501255084,0,1,2,0
1148,198843,4,9,3,3,5,3,0,0,1,0,0,0,0,52.63700725857164,13.305809666570154,0,1,2,0
1149,198844,4,7,2,2,5,3,0,0,1,0,0,0,0,52.545692745982144,13.42752516609884,0,1,2,0
1150,198847,4,5,2,2,5,3,1,0,0,0,1,0,0,52.40370954758932,13.382803744940428,0,1,2,0
1151,198849,4,7,2,3,1,5,0,0,0,0,0,0,1,52.52962110266721,13.456985554434542,0,1,5,0
1152,198854,4,19,2,3,0,3,1,0,1,0,0,0,0,52.54288622534129,13.442245718820873,0,1,2,0
1153,198855,4,15,2,3,0,7,0,0,0,0,0,0,0,52.52267882860265,13.365689667632964,1,0,7,0
1154,198857,4,16,1,3,3,6,0,0,1,0,0,0,0,52.49936795994515,13.42642324502574,0,1,6,1
1155,198858,4,15,2,3,5,2,0,0,1,0,0,0,0,52.616322256319464,13.301097421414909,0,1,2,0
1156,198864,4,14,2,3,5,3,0,0,1,0,0,0,0,52.62904040177108,13.435173025618385,0,1,2,0
1157,198865,4,12,1,3,5,3,0,0,1,0,0,0,0,52.49393850689896,13.428699140758471,0,1,2,1
1158,198868,4,3,1,3,1,1,2,0,1,0,0,0,0,52.44618517852896,13.258707349709914,0,1,1,1
1159,198878,4,15,1,3,5,2,0,0,1,0,0,0,0,52.49169563784432,13.413186362712365,0,1,2,1
1160,198882,4,20,1,2,5,2,2,1,1,0,0,0,0,52.49631998357327,13.395236320623827,0,1,2,1
1161,198886,4,13,1,3,5,3,0,0,1,0,0,0,0,52.529239208641776,13.378514080402198,0,1,2,1
1162,198893,4,12,1,3,5,2,0,0,1,0,0,0,0,52.5131550942524,13.577300793049776,0,1,2,1
1163,198905,4,17,1,3,0,1,0,0,0,0,0,0,0,52.52886946316443,13.401963968396206,1,0,1,1
1164,198907,3,18,7,3,0,3,1,0,1,0,0,0,0,52.55102741033254,13.449577604845073,0,1,2,1
1165,198908,4,14,1,1,0,3,0,0,1,0,0,0,0,52.45889456848635,13.283380148440445,0,1,2,1
1166,198911,3,12,7,3,5,3,0,0,1,0,0,0,0,52.455288466023404,13.617135438001634,0,1,2,1
1167,198912,4,12,1,2,5,3,0,0,1,0,0,0,0,52.54648515956804,13.202451706742835,0,1,2,1
1168,198914,4,19,7,3,5,3,2,0,1,0,0,0,0,52.545428446394546,13.494837081287976,0,1,2,1
1169,198915,4,7,2,3,5,3,0,0,1,0,0,0,0,52.63342804981789,13.290287952438064,0,1,2,0
1170,198920,4,13,7,3,5,2,0,0,1,0,0,0,0,52.411051487334994,13.481206785903089,0,1,2,1
1171,198921,4,13,7,3,6,4,0,0,0,0,0,1,0,52.469563538691254,13.3151910093871,0,1,4,1
1172,198926,4,12,7,3,3,6,0,0,1,0,0,0,0,52.506791036324756,13.399352984264295,0,0,6,1
1173,198928,4,9,7,3,5,2,0,0,0,0,0,0,1,52.525255654234286,13.365888461431446,0,1,2,1
1174,198934,4,16,7,3,5,2,0,0,1,0,0,0,0,52.502672173388135,13.409982012183926,0,1,2,1
1175,198935,4,17,7,3,1,5,0,0,1,0,0,0,1,52.4439847397482,13.577769900179474,0,1,5,1
1176,198939,4,13,2,3,5,3,0,0,1,0,0,0,0,52.528584742998504,13.393765979225615,0,1,2,0
1177,198943,4,16,2,3,4,6,0,0,0,0,1,0,0,52.55508771653969,13.432947106747308,0,1,6,0
1178,198948,4,16,7,3,1,5,0,0,1,0,0,0,0,52.46428582189724,13.330152794917474,0,1,5,1
1179,198953,4,16,7,3,5,2,0,0,0,0,0,0,1,52.442609056582576,13.581989229045186,0,1,2,1
1180,198955,3,10,7,3,5,2,0,1,1,0,0,0,0,52.427640930084564,13.468161774696545,0,1,2,1
1181,198962,4,17,2,3,5,3,0,0,0,1,0,0,0,52.42615518248157,13.279707143812649,0,1,2,0
1182,198963,4,14,7,3,5,3,0,0,1,0,0,0,0,52.613527616704395,13.343846710699205,0,1,2,1
1183,198966,4,21,7,3,0,1,2,0,0,0,0,0,0,52.53256717445724,13.398666777466765,1,0,1,1
1184,198973,3,18,6,2,0,1,1,0,0,0,0,0,0,52.497730890316184,13.438794216671305,1,0,1,0
1185,198976,3,16,6,2,5,3,0,0,1,0,0,0,0,52.50796049478093,13.301362063379688,0,1,2,0
1186,198979,4,20,2,3,5,2,1,0,1,0,0,0,0,52.5293283789111,13.459210272369726,0,1,2,0
1187,198982,4,19,3,3,3,6,0,0,0,0,0,0,1,52.50323036476188,13.328271469192545,0,1,6,0
1188,198984,3,14,6,3,5,2,0,0,1,0,0,0,0,52.481638310439116,13.385719660475841,0,1,2,0
1189,198985,4,18,6,2,5,2,0,0,1,0,0,0,0,52.63653332774748,13.503103989777227,0,1,2,0
1190,198994,3,10,6,3,5,2,0,0,1,0,0,0,0,52.56519627159094,13.492298397876935,0,1,2,0
1191,198997,4,18,6,3,6,4,0,0,0,0,0,1,0,52.455825430376244,13.38411516872252,0,1,4,0
1192,199001,4,18,3,3,5,2,0,0,1,0,0,0,0,52.5157267577867,13.418259154302833,0,1,2,0
1193,199002,4,17,6,3,5,2,0,0,1,0,0,0,0,52.48416446375473,13.456138625184671,0,1,2,0
1194,199004,4,17,6,3,5,2,0,0,1,0,0,0,0,52.55713365163602,13.365736967036185,0,1,2,0
1195,199009,3,20,5,3,3,6,2,0,1,0,0,0,0,52.508541794686025,13.425405232270535,0,1,6,0
1196,199010,4,17,6,3,1,5,0,0,1,0,0,0,0,52.54899533552532,13.41972111814608,0,1,5,0
1197,199012,4,16,6,3,0,2,0,0,1,0,0,0,0,52.47373196247307,13.295872763956735,0,1,2,0
1198,199013,3,18,5,3,0,2,1,0,1,0,0,0,0,52.59696563845198,13.361483879401591,0,1,2,0
1199,199014,4,16,6,3,5,2,0,0,1,0,0,0,0,52.58751190679683,13.32370785268879,0,1,2,0
1200,199015,3,18,5,3,5,3,0,0,1,0,0,0,0,52.53905691968481,13.34510225671531,0,1,2,0
1201,199023,4,11,3,3,5,3,0,0,1,0,0,0,0,52.46124021386841,13.502418406810428,0,1,2,0
1202,199026,3,15,5,3,5,2,0,0,1,0,0,0,0,52.48679342915762,13.313841038105865,0,1,2,0
1203,199031,4,13,6,3,0,6,0,0,1,0,0,0,0,52.547281806865776,13.498590027269096,0,0,6,0
1204,199035,3,12,5,3,3,6,0,0,0,0,0,0,1,52.517239611250496,13.380593467727824,0,1,6,0
1205,199037,4,12,6,3,5,2,0,0,1,0,0,0,0,52.52548573741886,13.297483972446255,0,1,2,0
1206,199039,4,11,6,2,5,2,0,0,1,0,0,0,0,52.590088573517846,13.364990866862614,0,1,2,0
1207,199043,3,11,5,3,5,3,0,1,1,0,0,0,0,52.49670307909153,13.352218935781146,0,1,2,0
1208,199047,3,10,5,3,1,5,0,1,1,0,0,0,0,52.470219007232245,13.316749597205124,0,1,5,0
1209,199050,4,8,6,3,5,3,0,0,1,0,0,0,0,52.51421739921229,13.6116534243593,0,1,2,0
1210,199054,4,20,2,2,6,4,2,0,0,0,0,1,0,52.55402253653482,13.37350828922474,0,1,4,0
1211,199056,3,8,5,3,3,6,0,0,1,0,0,0,0,52.51802547407016,13.442559010931625,0,1,6,0
1212,199058,4,17,2,3,2,6,0,0,1,0,0,0,0,52.562033645609944,13.210357872268007,0,1,6,0
1213,199064,4,12,5,3,5,3,0,0,1,0,0,0,0,52.48878333840389,13.606333396712609,0,1,2,0
1214,199069,3,12,5,3,5,3,0,0,1,0,0,0,0,52.55535520711282,13.356425099740724,0,1,2,0
1215,199070,4,16,5,3,0,1,0,0,1,0,0,0,0,52.48411397793903,13.511417295878015,0,1,1,0
1216,199072,4,12,5,3,5,2,0,0,1,0,0,0,0,52.51801901965713,13.418004434058599,0,1,2,0
1217,199073,3,9,4,3,0,3,0,0,0,0,0,0,1,52.585068603678025,13.281385852001096,0,1,2,0
1218,199081,4,7,5,3,5,3,0,1,1,0,0,0,0,52.498366031660034,13.334609276852206,0,1,2,0
1219,199086,4,11,3,3,5,3,0,1,1,0,0,0,0,52.48850001518194,13.30444071571044,0,1,2,0
1220,199094,3,15,4,3,5,3,0,1,1,0,0,0,0,52.57565979639841,13.406630118797805,0,1,2,0
1221,199098,4,7,5,2,5,2,0,0,1,0,0,0,0,52.53503947335371,13.598611923266542,0,1,2,0
1222,199099,4,13,3,2,0,1,0,0,0,0,0,0,0,52.53109587182568,13.400115665768848,1,0,1,0
1223,199108,3,9,4,3,5,2,0,1,1,0,0,0,0,52.52378563226753,13.329993193261554,0,1,2,0
1224,199109,3,8,4,3,2,2,0,1,1,0,0,0,0,52.431222050350435,13.483600212461901,0,1,2,0
1225,199111,4,0,5,3,0,1,2,1,0,0,0,0,0,52.5363611351089,13.407402180626324,1,0,1,0
1226,199112,3,8,4,3,5,2,0,1,1,0,0,0,0,52.52292427305017,13.363054727046569,0,1,2,0
1227,199116,3,20,4,3,5,3,2,1,1,0,0,0,0,52.4155574489024,13.251397737258403,0,1,2,0
1228,199117,4,16,5,3,0,3,0,0,1,0,0,0,0,52.591019726756535,13.442241277295713,0,1,2,0
1229,199123,4,9,3,3,5,3,0,1,1,0,0,0,0,52.48528407699123,13.284238444907867,0,1,2,0
1230,199124,4,18,4,3,5,2,0,0,1,0,0,0,0,52.499796831150064,13.33073645610022,0,1,2,0
1231,199126,3,16,4,3,5,5,0,1,1,0,0,0,0,52.550138644964896,13.389193680165649,0,1,5,0
1232,199129,3,16,4,3,5,2,0,1,0,0,0,0,1,52.51532335635346,13.31358712927124,0,1,2,0
1233,199130,3,8,3,3,0,6,0,0,1,0,0,0,0,52.5220306389409,13.417303023735403,0,1,6,0
1234,199132,4,19,2,3,3,6,1,0,1,0,0,0,0,52.52396765340991,13.411822264006323,0,0,6,0
1235,199133,4,17,4,3,5,3,0,0,1,0,0,0,0,52.49960641372982,13.458202318294244,0,1,2,0
1236,199135,4,15,4,3,1,5,0,0,0,0,0,0,1,52.513270009786645,13.378527380801772,0,1,5,0
1237,199138,3,21,3,3,3,6,2,0,1,0,0,0,0,52.555744071600024,13.207446122121508,0,1,6,0
1238,199142,3,20,3,3,2,7,2,0,1,0,0,0,0,52.48222289562907,13.433236035730696,0,1,7,0
1239,199146,4,14,4,2,5,3,0,0,0,0,0,0,0,52.526944640473396,13.450968190579983,1,0,2,0
1240,199151,3,19,3,3,1,5,2,0,1,0,0,0,1,52.51043098393439,13.24110385327955,0,1,5,0
1241,199152,4,14,4,2,1,5,0,0,1,0,0,0,0,52.52753937066237,13.327259834680202,0,1,5,0
1242,199153,3,19,3,3,1,5,1,0,1,0,0,0,1,52.48397081706714,13.436112318300266,0,1,5,0
1243,199157,3,18,3,3,6,4,0,0,0,0,0,1,0,52.5258167281301,13.365150898829713,0,1,4,0
1244,199166,4,9,4,3,5,2,0,0,1,0,0,0,0,52.49591503654686,13.389702391259911,0,1,2,0
1245,199167,3,1,3,3,1,5,2,0,1,0,0,0,0,52.47878899555746,13.425708495477558,0,1,5,0
1246,199173,4,20,4,3,0,7,2,0,0,0,0,0,0,52.508393826595324,13.451905295101392,1,0,7,0
1247,199176,3,14,3,3,5,2,0,0,1,0,0,0,0,52.506429794461745,13.458765928821187,0,1,2,0