Unnamed: 0,OBJECTID,UMONAT,USTUNDE,UWOCHENTAG,UKATEGORIE,UART,UTYP1,ULICHTVERH,STRZUSTAND,IstPKW,IstKrad,IstGkfz,IstFuss,IstSonstige,lat,lon,alone,not_alone,UTYP2,weekend
1248,199177,3,13,3,3,5,3,0,0,1,0,0,0,0,52.489019483258474,13.575563183351884,0,1,2,0
1249,199181,4,11,4,3,5,2,0,0,0,0,0,0,1,52.53820276435839,13.231087866259985,0,1,2,0
1250,199182,4,14,1,3,1,5,0,0,1,0,0,0,0,52.50008546599066,13.33611694621682,0,1,5,1
1251,199183,4,14,7,3,0,1,0,1,0,0,0,0,0,52.52139118965297,13.389460089765432,1,0,1,1
1252,199184,4,21,3,3,1,5,2,0,1,0,0,0,0,52.49739244713597,13.354479628974195,0,1,5,0
1253,199185,4,22,7,2,0,1,2,0,0,0,0,0,0,52.52293206053231,13.299932756337096,1,0,1,1
1254,199186,4,16,2,3,2,6,0,0,1,0,0,0,0,52.6033453224448,13.309176647576358,0,1,6,0
1255,199187,4,17,6,3,1,5,0,0,1,0,0,0,0,52.4816356606713,13.603766869968748,0,1,5,0
1256,199192,4,7,4,3,5,2,0,0,0,1,0,0,0,52.52587310327872,13.521839004844933,0,1,2,0
1257,199202,4,15,1,3,5,3,0,0,1,0,0,0,0,52.57267081208576,13.393735562638145,0,1,2,1
1258,199204,4,7,3,3,4,2,0,0,1,0,0,0,0,52.43837452707295,13.5553159734857,0,1,2,0
1259,199205,4,13,1,3,0,7,0,1,1,0,0,0,0,52.53114437318733,13.412306480690384,0,1,7,1
1260,199206,4,16,3,3,5,7,0,0,1,0,0,0,0,52.46252353198136,13.470462708702314,0,1,7,0
1261,199207,4,13,6,3,5,3,0,0,1,0,0,0,0,52.57005216191136,13.300287561012125,0,1,2,0
1262,199208,4,14,2,3,6,4,0,0,0,0,0,1,0,52.497990635319226,13.361892788833305,0,1,4,0
1263,199217,4,13,1,2,5,3,0,0,0,0,0,0,1,52.52938799664178,13.405594118205054,0,1,2,1
1264,199219,4,10,3,3,1,5,0,0,1,0,0,0,1,52.52752477993944,13.414268922451095,0,1,5,0
1265,199221,4,10,6,3,5,2,0,1,1,0,0,0,0,52.494984964881276,13.439028666931105,0,1,2,0
1266,199222,4,9,6,3,5,3,0,1,1,0,0,0,0,52.47250003561946,13.328967556890676,0,1,2,0
1267,199225,4,9,6,3,0,2,0,1,0,0,0,0,1,52.49908897305626,13.316458754440347,0,1,2,0
1268,199227,4,11,1,3,5,3,0,0,1,0,0,0,0,52.41091022393953,13.664568845611804,0,1,2,1
1269,199232,4,7,6,3,5,3,0,1,1,0,0,0,0,52.534003829101636,13.607318503482304,0,1,2,0
1270,199233,4,7,6,3,5,3,0,0,1,0,0,0,0,52.49712994751564,13.35467358997024,0,1,2,0
1271,199234,4,13,3,3,5,3,0,0,1,0,0,0,0,52.530745104141594,13.519264890336876,0,1,2,0
1272,199237,4,10,2,2,5,3,0,1,1,0,0,0,0,52.48836305885008,13.428979118216924,0,1,2,0
1273,199242,4,16,6,3,5,3,0,0,1,0,0,0,0,52.49747450317524,13.364576096634032,0,1,2,0
1274,199243,4,19,3,3,1,5,0,0,1,0,0,0,0,52.51569655923471,13.390125001456552,0,1,5,0
1275,199246,4,22,6,2,5,2,2,1,1,0,0,0,0,52.53990268813304,13.203857194690766,0,1,2,0
1276,199247,4,16,6,3,2,6,0,0,1,0,0,0,0,52.55116853760685,13.383916280091913,0,1,6,0
1277,199255,4,8,4,3,1,5,0,0,1,0,0,0,0,52.46594331162947,13.378904955227284,0,1,5,0
1278,199260,4,9,5,3,6,7,0,0,0,0,0,1,0,52.5282736954125,13.378948572120983,0,1,7,0
1279,199261,4,16,5,3,3,6,0,0,1,0,0,0,0,52.584959252467286,13.28808662274405,0,0,6,0
1280,199263,4,9,3,3,2,6,0,0,1,0,0,0,0,52.503481637368296,13.339596371713276,0,1,6,0
1281,199264,4,15,3,3,2,6,0,0,0,0,0,0,1,52.444951054349254,13.294524427833435,0,1,6,0
1282,199266,4,13,3,3,6,4,0,0,0,0,0,1,0,52.536837341709955,13.200221161642938,0,1,4,0
1283,199271,4,16,4,3,6,4,0,0,0,0,0,1,0,52.4861602454774,13.376611097095823,0,1,4,0
1284,199274,4,9,3,3,0,3,0,0,0,1,0,0,0,52.48116448690852,13.441546478932226,0,1,2,0
1285,199276,4,18,5,3,0,1,0,0,0,0,0,0,0,52.47688731805714,13.320270973770516,1,0,1,0
1286,199280,4,11,4,3,2,6,0,0,1,0,0,0,0,52.4997147621459,13.312861917668624,0,1,6,0
1287,199281,4,19,7,2,3,6,0,0,1,0,0,0,0,52.49815106118484,13.307731027157994,0,1,6,1
1288,199282,4,15,2,2,5,3,0,0,1,0,0,0,0,52.4915425499321,13.446551239394864,0,1,2,0
1289,199284,4,17,5,2,6,4,0,0,0,0,0,1,0,52.4774199785855,13.328401433040792,0,1,4,0
1290,199287,4,17,5,3,4,6,0,0,1,0,0,0,0,52.4560309688073,13.565835417117713,0,0,6,0
1291,199289,4,16,5,3,1,5,0,0,1,0,0,0,0,52.386669677936325,13.407272775582035,0,1,5,0
1292,199290,4,11,3,3,1,5,0,0,1,0,0,0,0,52.52282009932127,13.381050749442613,0,1,5,0
1293,199292,4,12,5,3,5,2,0,0,1,0,0,0,0,52.53463049605151,13.19940903128733,0,1,2,0
1294,199293,4,7,2,3,5,3,0,1,0,0,0,0,1,52.533812481942604,13.452883051094876,0,1,2,0
1295,199295,4,12,5,2,2,7,0,0,1,0,0,0,0,52.53686609937215,13.201568542682045,0,1,7,0
1296,199296,4,8,4,3,2,6,0,0,1,0,0,0,0,52.497251291183254,13.292073915888519,0,1,6,0
1297,199298,4,18,3,3,5,3,0,0,1,0,0,0,0,52.500698927332,13.494880117511856,0,1,2,0
1298,199304,4,10,5,2,5,2,0,0,1,0,0,0,0,52.49040678271136,13.313941043552935,0,1,2,0
1299,199305,4,10,2,3,1,5,0,1,1,0,0,0,0,52.422305248391,13.462859754069937,0,1,5,0
1300,199309,4,9,5,3,3,6,0,0,1,0,0,0,0,52.49516739471871,13.331260393700646,0,1,6,0
1301,199311,4,7,4,3,1,5,0,0,1,0,0,0,0,52.45468392219093,13.444330341556954,0,1,5,0
1302,199315,4,16,2,3,5,3,0,0,1,0,0,0,0,52.51555321998431,13.274322251566215,0,1,2,0
1303,199316,4,8,5,3,1,5,0,0,1,0,0,0,0,52.4385158735348,13.2343169476122,0,1,5,0
1304,199318,4,15,7,3,5,2,0,0,1,0,0,0,0,52.50955558148385,13.400073688642545,0,1,2,1
1305,199320,4,8,5,3,5,2,0,0,1,0,0,0,0,52.577838637195406,13.315270261504502,0,1,2,0
1306,199322,4,7,5,3,1,5,0,0,1,0,0,0,0,52.49173461248662,13.317953581385341,0,1,5,0
1307,199324,4,15,7,3,5,2,0,1,1,0,0,0,0,52.478705730964,13.309548190400916,0,1,2,1
1308,199327,4,21,5,2,4,1,2,0,0,0,0,0,1,52.531922546442686,13.39137255747898,0,1,1,0
1309,199330,4,15,5,3,5,2,0,0,1,0,0,0,0,52.61600637685424,13.233346279420614,0,1,2,0
1310,199331,4,9,5,3,0,1,0,0,0,0,0,0,0,52.52487699695318,13.393324337751059,1,0,1,0
1311,199332,4,15,5,3,2,6,0,0,1,0,0,0,0,52.49004415378556,13.354757401868026,0,1,6,0
1312,199333,4,16,4,3,5,2,0,0,1,0,0,0,0,52.568752849490345,13.549421938269534,0,1,2,0
1313,199336,4,18,4,3,3,2,0,0,1,0,0,0,0,52.51034762332264,13.43020263270463,0,1,2,0
1314,199339,4,16,4,3,5,2,1,0,1,0,0,0,0,52.51485418342593,13.419820803804836,0,1,2,0
1315,199340,4,20,5,2,1,5,2,0,1,0,0,0,0,52.523198006115855,13.197656970021994,0,1,5,0
1316,199345,4,14,3,3,5,3,0,0,1,0,0,0,0,52.42564932872281,13.54530528491187,0,1,2,0
1317,199346,4,16,4,3,6,6,0,0,0,0,0,1,0,52.50606674942409,13.621080567814493,0,1,6,0
1318,199350,4,14,4,2,0,3,0,0,0,0,1,0,0,52.42983807624618,13.312363341400626,0,1,2,0
1319,199351,4,15,4,3,1,5,0,0,1,0,0,0,0,52.55952066641849,13.386925204297276,0,1,5,0
1320,199352,4,14,5,3,5,2,0,0,1,0,0,0,0,52.43867635957798,13.693855016062141,0,1,2,0
1321,199354,4,13,5,3,3,6,0,0,1,0,0,0,0,52.50229272865699,13.385230494577966,0,1,6,0
1322,199357,4,19,5,3,1,5,0,0,1,0,0,0,0,52.48138584965968,13.424934397021199,0,1,5,0
1323,199358,4,14,3,3,5,3,0,0,1,0,0,0,0,52.46611907856698,13.434771552764676,0,1,2,0
1324,199361,4,8,2,3,5,3,0,0,1,0,0,0,0,52.48917198525103,13.407949613038195,0,1,2,0
1325,199364,4,19,5,2,5,2,0,0,1,0,0,0,0,52.40898059648298,13.267556528605075,0,1,2,0
1326,199365,4,6,2,2,5,3,0,0,1,0,0,0,0,52.51109420699139,13.370988654433214,0,1,2,0
1327,199374,4,13,5,3,6,7,0,0,0,0,0,1,0,52.537797265123466,13.20526546105516,0,1,7,0
1328,199376,4,9,7,3,1,5,0,1,1,0,0,0,0,52.4904454882391,13.358688136247638,0,1,5,1
1329,199377,4,13,4,3,5,3,0,0,1,0,0,0,0,52.50575926716208,13.426615458950353,0,1,2,0
1330,199379,4,18,3,3,5,2,0,0,1,0,0,0,0,52.52579659570842,13.315981495463536,0,1,2,0
1331,199382,4,23,2,3,1,5,2,0,1,0,0,0,0,52.51183940032428,13.389659187867831,0,1,5,0
1332,199385,4,12,5,3,5,2,0,0,0,1,0,0,0,52.4354361855313,13.274140196985615,0,1,2,0
1333,199388,4,9,4,3,0,5,0,0,1,0,0,0,0,52.46400202239651,13.314667554136625,0,1,5,0
1334,199390,4,21,4,3,1,5,2,0,1,0,0,0,0,52.50181813661296,13.419678145267731,0,1,5,0
1335,199391,4,21,7,3,5,2,2,0,1,0,0,0,0,52.51129952921888,13.474908317020512,0,1,2,1
1336,199394,4,9,4,3,5,2,0,0,1,0,0,0,0,52.566590350662786,13.362670674809852,0,1,2,0
1337,199395,4,22,7,3,5,2,2,0,1,0,0,0,0,52.49115517560846,13.435131054967561,0,1,2,1
1338,199396,4,12,5,3,0,4,0,0,0,0,0,1,0,52.4622328950891,13.513999063333804,0,1,4,0
1339,199397,4,18,3,3,5,3,0,0,1,0,0,0,0,52.48528063667526,13.284245636211256,0,1,2,0
1340,199400,4,17,2,3,5,2,0,1,1,0,0,0,0,52.5228864338826,13.499515774896253,0,1,2,0
1341,199406,4,14,1,3,0,1,0,0,1,0,0,0,0,52.49581756175061,13.268472713864169,0,1,1,1
1342,199408,4,16,5,3,1,5,0,0,0,0,0,0,1,52.514649638188935,13.417892306984776,0,1,5,0
1343,199409,4,17,3,3,5,2,0,0,0,0,0,0,1,52.501924795539615,13.475352131000006,0,1,2,0
1344,199410,4,11,5,3,5,3,0,0,1,0,0,0,0,52.479507898114214,13.559703217149085,0,1,2,0
1345,199416,4,11,5,3,5,3,0,0,1,0,0,0,0,52.560556147439975,13.427442111833713,0,1,2,0
1346,199419,4,15,4,3,6,7,0,0,0,0,0,1,0,52.54721827658432,13.592468819256792,0,1,7,0
1347,199423,4,21,4,3,5,2,2,0,1,0,0,0,0,52.53054895411636,13.383077195318544,0,1,2,0
1348,199426,4,11,5,3,5,3,0,0,1,0,0,0,0,52.55026042185163,13.441907001185374,0,1,2,0
1349,199427,4,16,4,3,5,2,0,0,1,0,0,0,0,52.54999929003853,13.57272261130672,0,1,2,0
1350,199429,4,16,7,2,0,3,0,0,0,0,0,0,1,52.43175110870195,13.220350442299488,0,1,2,1
1351,199431,4,9,5,3,0,1,0,0,0,0,0,0,0,52.48813725804228,13.438002297342004,1,0,1,0
1352,199433,4,9,5,3,5,2,0,0,0,0,0,0,1,52.511815011191864,13.427005225236867,0,1,2,0
1353,199435,4,18,4,3,3,6,0,0,1,0,0,0,0,52.49746183822635,13.29344170944551,0,1,6,0
1354,199437,4,9,5,3,2,6,0,0,1,0,0,0,0,52.42579647405079,13.229080016957994,0,1,6,0
1355,199438,4,13,2,3,0,5,0,0,0,0,0,0,1,52.49475297752694,13.35364583500007,0,1,5,0
1356,199443,4,18,4,3,5,2,0,0,0,0,0,0,1,52.499046410842936,13.422426470451393,0,1,2,0
1357,199445,4,23,3,3,2,6,2,0,1,0,0,0,1,52.50223170878716,13.45667469685443,0,1,6,0
1358,199447,4,22,7,3,2,2,2,0,1,0,0,0,0,52.54493204567749,13.36160331184365,0,1,2,1
1359,199448,4,17,4,3,5,2,0,0,1,0,0,0,0,52.49034303673974,13.434357784622328,0,1,2,0
1360,199451,4,17,4,3,5,2,0,0,1,0,0,0,0,52.52107058944353,13.429669331227556,0,1,2,0
1361,199454,4,17,4,3,5,2,0,0,1,0,0,0,0,52.431504796719246,13.546940962971384,0,1,2,0
1362,199456,4,8,5,2,0,3,0,0,0,0,0,0,0,52.48806390775515,13.370180209366982,1,0,2,0
1363,199457,4,9,2,3,5,2,0,1,0,0,0,0,1,52.559842783576926,13.52433234535593,0,1,2,0
1364,199458,4,7,3,3,0,2,0,0,1,0,0,0,0,52.509003109433536,13.371905224865902,0,1,2,0
1365,199460,4,7,5,3,5,2,0,0,1,0,0,0,0,52.54953622663522,13.441165281469278,0,1,2,0
1366,199461,4,8,4,3,5,3,0,0,1,0,0,0,0,52.464602627321064,13.305241542399482,0,1,2,0
1367,199465,4,19,3,3,1,5,0,0,1,0,0,0,1,52.5322804063912,13.454384385752835,0,1,5,0
1368,199466,4,18,3,3,0,2,0,0,1,0,0,0,0,52.564445713810905,13.50801998325032,0,1,2,0
1369,199467,4,7,5,3,2,5,0,0,1,0,0,0,0,52.58163131750498,13.393586045716873,0,1,5,0
1370,199469,4,18,3,3,1,5,0,0,1,0,0,0,0,52.523976571445104,13.41697142322896,0,1,5,0
1371,199474,4,8,2,3,0,2,0,1,1,0,0,0,0,52.48775940242153,13.396798546169775,0,1,2,0
1372,199477,4,16,4,3,2,6,0,0,1,0,0,0,0,52.51754375458029,13.398026891620743,0,1,6,0
1373,199478,4,17,1,3,2,6,0,0,1,0,0,0,0,52.47870478802842,13.437725326436524,0,1,6,1
1374,199480,4,19,3,3,5,2,1,0,1,0,0,0,0,52.54768282675904,13.413155904785745,0,1,2,0
1375,199481,4,20,4,3,1,5,2,0,1,0,0,0,0,52.50180397828265,13.419668083064694,0,1,5,0
1376,199482,4,7,4,3,0,2,0,0,0,1,0,0,0,52.51805778207465,13.35499115079183,0,1,2,0
1377,199485,4,18,3,3,1,5,0,0,1,0,0,0,0,52.53686228815,13.375184816249266,0,1,5,0
1378,199486,4,19,3,3,5,2,2,0,1,0,0,0,0,52.545513532834704,13.427927123227837,0,1,2,0
1379,199488,4,17,2,2,6,4,0,1,0,0,0,1,0,52.55696945373475,13.37242150937526,0,1,4,0
1380,199489,4,19,3,3,5,2,1,0,1,0,0,0,0,52.50002332871217,13.407750795378606,0,1,2,0
1381,199490,4,21,4,3,0,3,2,0,1,0,0,0,0,52.50665669784009,13.325878871185491,0,1,2,0
1382,199493,4,18,4,3,5,3,0,0,1,0,0,0,0,52.47366461716109,13.12406926221642,0,1,2,0
1383,199495,4,19,3,3,2,3,0,0,1,0,0,0,0,52.482063083626564,13.4337087889803,0,1,2,0
1384,199496,4,14,4,3,2,6,0,0,0,0,0,0,1,52.44076731508524,13.586387203832714,0,1,6,0
1385,199497,4,11,3,3,5,2,0,0,1,0,0,0,0,52.509702204188116,13.351470681408589,0,1,2,0
1386,199500,4,19,4,3,5,2,0,0,0,0,0,0,0,52.52892465468536,13.403785028095722,1,0,2,0
1387,199505,4,17,3,3,5,2,0,0,1,0,0,0,0,52.45480454932965,13.504322144372154,0,1,2,0
1388,199507,4,16,2,3,5,2,0,1,1,0,0,0,0,52.49591380401825,13.390700282855905,0,1,2,0
1389,199508,4,17,3,3,6,4,0,0,0,0,0,1,0,52.51668437763423,13.260558471969821,0,1,4,0
1390,199511,4,17,4,3,2,2,0,0,1,0,0,0,0,52.50787546323903,13.414037125826573,0,1,2,0
1391,199516,4,17,4,3,5,2,0,0,1,0,0,0,0,52.54768282675904,13.413155904785745,0,1,2,0
1392,199518,4,17,4,3,1,5,0,0,1,0,0,0,0,52.4226865025855,13.528595272978466,0,1,5,0
1393,199519,4,14,3,3,5,3,0,0,1,0,0,0,0,52.43414710434385,13.20659338635819,0,1,2,0
1394,199526,4,8,3,3,0,2,0,0,1,0,0,0,0,52.505851254755385,13.519653255787153,0,1,2,0
1395,199528,4,14,2,3,5,2,0,0,0,1,0,0,0,52.500557132425385,13.488327697015393,0,1,2,0
1396,199529,4,16,3,2,5,3,0,0,1,0,0,0,0,52.39359734053795,13.404743315332755,0,1,2,0
1397,199530,4,16,3,3,5,3,0,0,1,0,0,0,0,52.48849027154905,13.620159109877505,0,1,2,0
1398,199533,4,16,4,2,5,3,0,0,1,0,0,0,0,52.47573118352904,13.287419921863027,0,1,2,0
1399,199536,4,16,4,3,2,2,0,0,1,0,0,0,0,52.53619320062634,13.473552753764755,0,1,2,0
1400,199537,4,7,3,2,5,2,0,0,1,0,0,0,0,52.49922015676154,13.43041656017609,0,1,2,0
1401,199539,4,16,4,3,2,7,0,0,1,0,0,0,0,52.516102325086784,13.48262273083536,0,1,7,0
1402,199541,4,11,3,3,5,2,0,0,1,0,0,0,0,52.453118394957436,13.455600815768252,0,1,2,0
1403,199542,4,11,3,3,5,3,0,0,1,0,0,0,0,52.49269843693118,13.53135339134477,0,1,2,0
1404,199545,4,15,3,3,5,2,0,0,1,0,0,0,0,52.56293632699408,13.512345935642564,0,1,2,0
1405,199547,4,18,3,3,5,3,0,0,1,0,0,0,0,52.476927280838545,13.280859062501321,0,1,2,0
1406,199552,4,12,2,3,2,6,0,0,1,0,0,0,0,52.50177948010703,13.355148581206851,0,1,6,0
1407,199553,4,16,5,2,5,3,0,0,1,0,0,0,0,52.500068862938306,13.345736733353224,0,1,2,0
1408,199554,4,12,2,2,1,5,0,0,1,0,1,0,0,52.50858447961029,13.327411310868133,0,1,5,0
1409,199558,4,10,2,3,1,5,0,0,1,0,0,0,0,52.490714037906685,13.417348633332136,0,1,5,0
1410,199566,4,15,5,2,1,5,0,1,1,0,0,0,0,52.51471966553428,13.381693716622836,0,1,5,0
1411,199567,4,15,5,3,5,2,0,1,1,0,0,0,0,52.46099630825049,13.435034300863107,0,1,2,0
1412,199568,4,15,5,3,5,3,1,1,1,0,0,0,0,52.558151375252564,13.515886116139786,0,1,2,0
1413,199571,4,8,2,3,5,2,0,0,0,0,0,0,1,52.46901249646619,13.332771639100375,0,1,2,0
1414,199572,4,7,2,3,2,3,0,0,1,0,1,0,0,52.467934716427756,13.513387915099594,0,1,2,0
1415,199576,4,18,2,3,0,1,0,0,0,0,0,0,0,52.60305895408585,13.308580726999777,1,0,1,0
1416,199577,4,12,5,3,0,2,0,1,1,0,0,0,0,52.52415659984686,13.342515936241314,0,1,2,0
1417,199581,4,12,2,3,0,1,0,0,0,0,0,0,0,52.49325368100456,13.526144339802544,1,0,1,0
1418,199582,4,11,5,3,5,2,0,1,1,0,0,0,0,52.54569970911057,13.427918831164105,0,1,2,0
1419,199585,4,10,5,3,0,3,0,1,0,0,0,0,1,52.52653375203754,13.398441976765465,0,1,2,0
1420,199589,4,9,5,3,1,5,0,1,1,0,0,0,0,52.53567426689783,13.375023772139823,0,1,5,0
1421,199590,4,15,1,3,1,5,0,0,1,0,0,0,0,52.49984080439122,13.424489144640436,0,1,5,1
1422,199594,4,20,1,3,0,7,1,0,1,0,0,0,0,52.43092861157208,13.221718097999652,0,1,7,1
1423,199595,4,22,1,3,5,3,2,0,1,0,0,0,0,52.55091405504486,13.410388575042735,0,1,2,1
1424,199597,4,17,1,3,1,5,0,0,1,0,0,0,0,52.49039851387231,13.409732457822518,0,1,5,1
1425,199598,4,8,5,3,3,6,0,0,0,0,1,0,0,52.54236125868883,13.366012576435995,0,1,6,0
1426,199600,4,8,5,3,5,3,0,1,1,0,0,0,0,52.5413201748089,13.262406823629165,0,1,2,0
1427,199603,4,16,1,3,1,5,0,0,1,0,0,0,0,52.564934234099816,13.3242960262547,0,1,5,1
1428,199605,4,16,1,3,5,3,0,0,1,0,0,0,0,52.536660706654615,13.200629696057847,0,1,2,1
1429,199606,4,14,1,3,5,3,0,0,1,0,0,0,0,52.459469661107434,13.33763036325049,0,1,2,1
1430,199607,4,7,5,3,5,3,0,0,1,0,0,0,0,52.466098802547904,13.385590789918744,0,1,2,0
1431,199608,4,13,1,3,5,7,0,0,1,0,0,0,0,52.4715750690203,13.323220112402756,0,1,7,1
1432,199610,4,11,1,3,5,2,0,0,1,0,0,0,0,52.51277265695944,13.457780282703581,0,1,2,1
1433,199611,4,6,5,3,1,5,0,1,1,0,0,0,0,52.54203619215554,13.350518604286993,0,1,5,0
1434,199612,4,10,1,3,5,3,0,0,1,0,0,0,0,52.45557762354996,13.437172420764206,0,1,2,1
1435,199615,4,9,1,3,5,3,0,0,1,0,0,0,0,52.56596148022397,13.501683126817307,0,1,2,1
1436,199618,4,10,5,3,0,1,0,1,0,0,0,0,0,52.596971639012686,13.467387943127312,1,0,1,0
1437,199619,4,12,1,3,5,2,0,0,0,1,0,0,0,52.52911387394521,13.416283779873984,0,1,2,1
1438,199620,4,12,1,2,1,5,0,0,1,0,0,0,0,52.49045514631925,13.278037356934506,0,1,5,1
1439,199625,4,13,4,3,5,7,0,0,1,0,0,0,0,52.599769284460685,13.3548357035413,0,1,7,0
1440,199626,4,7,4,2,0,7,0,1,1,0,0,0,0,52.47927478511895,13.343683122283776,0,1,7,0
1441,199627,4,20,4,3,5,3,1,0,1,0,0,0,0,52.43254943427458,13.23366234542702,0,1,2,0
1442,199629,4,9,1,3,8,1,0,0,0,0,0,0,0,52.59756359774433,13.275677058815198,1,0,1,1
1443,199631,4,1,1,3,0,1,2,0,0,0,0,0,0,52.53410328946116,13.405211962241447,1,0,1,1
1444,199634,4,12,7,2,3,6,0,0,0,0,0,0,1,52.49239786092518,13.431386900606244,0,1,6,1
1445,199639,4,19,7,3,1,5,1,0,1,0,0,0,0,52.48117909090474,13.424962471430867,0,1,5,1
1446,199640,4,18,4,3,5,2,0,0,1,0,0,0,0,52.501119325907844,13.394420859350015,0,1,2,0
1447,199644,4,16,4,3,5,3,0,0,1,0,0,0,0,52.506607499614404,13.379721000756517,0,1,2,0
1448,199646,4,15,4,3,0,5,0,0,1,0,0,0,0,52.4147802525983,13.150238256280947,0,1,5,0
1449,199647,4,17,7,3,2,6,0,0,1,0,0,0,0,52.50544740036705,13.334354029929411,0,1,6,1
1450,199650,4,17,7,3,5,3,0,0,0,1,0,0,0,52.40851496762173,13.261367769719772,0,1,2,1
1451,199652,4,15,4,2,5,3,0,0,1,0,0,0,0,52.54409752996541,13.354834854707267,0,1,2,0
1452,199660,4,16,7,3,6,4,0,0,0,0,0,1,0,52.56166932216162,13.254431486043904,0,1,4,1
1453,199662,4,17,7,3,5,2,0,0,1,0,0,0,0,52.53225281036693,13.441577451867476,0,1,2,1
1454,199668,4,10,4,3,3,6,0,0,0,0,0,0,1,52.5058908661858,13.322289419956727,0,1,6,0
1455,199670,4,20,4,3,5,2,2,0,1,0,0,0,0,52.52749427509946,13.378794563464325,0,1,2,0
1456,199672,4,10,4,3,0,2,0,0,0,0,0,0,1,52.54878432301582,13.420815677256027,0,1,2,0
1457,199673,4,15,7,3,5,3,0,0,1,0,0,0,0,52.593633200745316,13.321072158594319,0,1,2,1
1458,199675,4,14,7,3,3,6,0,0,1,0,0,0,0,52.507061285142356,13.396046969320107,0,0,6,1
1459,199677,4,18,7,3,5,2,0,0,1,0,0,0,0,52.477554743460324,13.478679609083686,0,1,2,1
1460,199680,4,13,7,3,5,3,0,0,1,0,0,0,0,52.462086089191075,13.36672242750408,0,1,2,1
1461,199682,4,13,7,3,0,3,0,0,0,0,0,0,0,52.486205070376435,13.25650613972809,1,0,2,1
1462,199684,4,17,1,3,0,1,0,0,0,0,0,0,0,52.476425944930284,13.364150570954163,1,0,1,1
1463,199685,4,7,4,3,0,6,0,1,1,0,0,0,0,52.63559581320047,13.500156535855302,0,0,6,0
1464,199687,4,13,7,3,0,1,0,0,0,0,0,0,0,52.44510483287253,13.326790181594438,1,0,1,1
1465,199688,4,16,1,2,0,6,0,0,1,0,0,0,0,52.4816299990869,13.525449770858163,0,1,6,1
1466,199690,4,9,4,3,0,3,0,1,1,0,0,0,0,52.50879912219385,13.393901326546333,0,1,2,0
1467,199693,4,13,7,3,5,3,0,0,1,0,0,0,0,52.516179332263114,13.259845568699395,0,1,2,1
1468,199700,4,13,1,3,2,7,0,0,1,0,0,0,0,52.51761808537732,13.26093351245599,0,1,7,1
1469,199702,4,12,7,3,0,3,0,0,0,0,0,0,1,52.51750627280427,13.367092631620533,0,1,2,1
1470,199703,4,13,1,2,0,7,0,0,0,0,0,0,0,52.52928018762511,13.234886927026913,1,0,7,1
1471,199706,4,7,4,3,5,2,0,1,1,0,0,0,0,52.49598029315508,13.390757490849055,0,1,2,0
1472,199711,4,7,4,3,5,2,0,1,1,0,0,0,0,52.456897213929395,13.43682257079309,0,1,2,0
1473,199712,4,10,7,3,1,5,0,0,1,0,0,0,1,52.51622245173385,13.352863349290926,0,1,5,1
1474,199715,4,22,7,3,2,6,2,0,1,0,0,0,0,52.476804626027324,13.319917366744914,0,1,6,1
1475,199716,4,11,1,3,5,3,0,0,1,0,0,0,0,52.56246577611324,13.42140182532392,0,1,2,1
1476,199720,4,11,1,3,5,2,0,0,1,0,0,0,0,52.45676834861729,13.320687021779325,0,1,2,1
1477,199722,4,5,4,3,0,1,1,1,0,0,0,0,0,52.52843672822952,13.385708282555564,1,0,1,0
1478,199726,4,9,4,3,8,1,0,0,0,0,0,0,0,52.517285667314226,13.380585062478351,1,0,1,0
1479,199727,4,19,7,3,5,3,0,0,1,0,0,0,0,52.54716549892136,13.389216236248796,0,1,2,1
1480,199731,4,21,3,3,5,2,2,0,1,0,0,0,0,52.495908312622575,13.389766402672825,0,1,2,0
1481,199734,4,7,3,3,5,2,0,0,1,0,0,0,0,52.573910408577404,13.407658888365846,0,1,2,0
1482,199737,4,16,7,3,5,2,0,0,1,0,0,0,0,52.59763965915741,13.373947155978707,0,1,2,1
1483,199738,4,16,3,2,0,1,0,0,0,0,0,0,0,52.5292476828119,13.378542849268065,1,0,1,0
1484,199739,4,9,6,3,1,7,0,0,1,0,0,0,0,52.52989848424152,13.405555591537075,0,1,7,0
1485,199740,4,15,7,3,3,6,0,0,1,0,0,0,0,52.45291081717672,13.624956585024247,0,1,6,1
1486,199747,4,13,7,3,5,2,0,0,1,0,0,0,0,52.503313088105315,13.425749138982587,0,1,2,1
1487,199748,4,17,3,3,5,2,0,0,0,0,0,0,1,52.48503473362901,13.385827180840074,0,1,2,0
1488,199752,4,16,3,3,2,6,0,0,1,0,0,0,1,52.50986948072971,13.613269917216867,0,1,6,0
1489,199753,4,12,6,3,0,7,0,0,0,0,0,0,0,52.5019653572299,13.445920384490185,1,0,7,0
1490,199756,4,18,6,3,1,5,0,0,1,0,0,0,0,52.57205516422562,13.499475848603618,0,1,5,0
1491,199757,4,9,7,3,5,3,0,0,1,0,0,0,0,52.45260288266768,13.140269592188526,0,1,2,1
1492,199763,4,16,3,3,5,2,0,0,0,0,0,0,1,52.49946445934964,13.432936461753604,0,1,2,0
1493,199764,4,4,6,3,1,5,0,0,1,0,0,0,0,52.487245301754854,13.439428153661456,0,1,5,0
1494,199765,4,12,6,3,1,5,0,0,1,0,0,0,0,52.45404093080063,13.505885026175875,0,1,5,0