Unnamed: 0,OBJECTID,UMONAT,USTUNDE,UWOCHENTAG,UKATEGORIE,UART,UTYP1,ULICHTVERH,STRZUSTAND,IstPKW,IstKrad,IstGkfz,IstFuss,IstSonstige,lat,lon,alone,not_alone,UTYP2,weekend
1495,199772,4,16,7,2,5,3,0,0,1,0,0,0,0,52.50110431820597,13.394181574317107,0,1,2,1
1496,199773,4,16,3,3,5,3,0,0,1,0,0,0,0,52.526896466689365,13.62762773598095,0,1,2,0
1497,199774,4,9,6,3,5,2,0,0,1,0,0,0,0,52.53706845042508,13.449446399870961,0,1,2,0
1498,199784,4,15,3,3,5,2,0,0,1,0,0,0,0,52.55596453304995,13.372262452640946,0,1,2,0
1499,199785,4,9,6,3,1,4,0,0,1,0,0,1,0,52.503418006013746,13.32538537330278,0,1,4,0
1500,199789,4,12,7,2,0,1,0,0,0,0,0,0,0,52.546611783593995,13.401407567802913,1,0,1,1
1501,199793,4,9,6,2,5,3,0,0,0,0,0,0,0,52.50093218358671,13.391519515297105,1,0,2,0
1502,199797,4,12,6,3,5,2,0,0,0,0,0,0,0,52.52897672214119,13.401874349477993,1,0,2,0
1503,199798,4,13,3,2,1,5,0,0,0,0,1,0,0,52.45756346581082,13.39172338410112,0,1,5,0
1504,199799,4,9,6,3,5,2,0,0,0,0,0,0,1,52.51770464990015,13.436535703530696,0,1,2,0
1505,199800,4,12,3,2,5,3,0,0,0,0,1,0,0,52.49632167762514,13.450432602028265,0,1,2,0
1506,199801,4,8,6,2,1,5,0,0,1,0,0,0,0,52.45482477069631,13.314449058110347,0,1,5,0
1507,199805,4,10,3,3,1,5,0,0,1,0,0,0,0,52.53109987898021,13.385003388404925,0,1,5,0
1508,199807,4,10,3,3,5,2,0,0,0,0,0,0,1,52.47281118795309,13.436244301127484,0,1,2,0
1509,199808,4,6,6,3,5,3,0,0,1,0,0,0,0,52.43141417967106,13.534341800083606,0,1,2,0
1510,199809,4,23,6,3,5,7,2,0,1,0,0,0,0,52.509978897326796,13.415661385520284,0,1,7,0
1511,199810,4,14,6,2,5,2,0,0,1,0,0,0,0,52.58927406097821,13.318263731433134,0,1,2,0
1512,199815,4,0,6,3,8,1,2,0,0,0,0,0,0,52.491536036314976,13.43550627560488,1,0,1,0
1513,199817,4,13,6,3,1,5,0,0,1,0,0,0,1,52.45898536738435,13.355123815899676,0,1,5,0
1514,199818,4,8,3,3,1,7,0,0,1,0,0,0,0,52.43011814347345,13.277648627135562,0,1,7,0
1515,199819,4,21,6,3,0,2,2,0,1,0,0,0,0,52.549380722129314,13.38661563672431,0,1,2,0
1516,199820,4,12,6,3,3,6,0,0,1,0,0,0,0,52.5532797876846,13.420192124902988,0,1,6,0
1517,199821,4,18,6,3,5,2,0,0,1,0,0,0,0,52.45586404778433,13.332705428926587,0,1,2,0
1518,199822,4,12,6,3,5,2,0,0,1,0,0,0,0,52.53419388941149,13.184857920659688,0,1,2,0
1519,199831,4,16,6,3,5,2,0,0,1,0,0,0,0,52.5757956781236,13.348024194674073,0,1,2,0
1520,199833,4,8,6,2,5,2,0,0,0,0,0,0,1,52.52306741895504,13.479783994626676,0,1,2,0
1521,199838,4,13,3,3,6,4,0,0,0,0,0,1,0,52.50609295470191,13.40157940523343,0,1,4,0
1522,199840,4,5,6,2,5,3,1,0,0,0,0,0,1,52.49859042589212,13.613401783747443,0,1,2,0
1523,199841,4,16,3,3,0,2,0,0,1,0,0,0,0,52.52856167755887,13.456730893900335,0,1,2,0
1524,199842,4,16,6,3,4,6,0,0,1,0,0,0,0,52.51137940758604,13.44469172827543,0,1,6,0
1525,199844,4,21,6,3,3,6,2,0,1,0,0,0,0,52.48645592811923,13.359243798780687,0,1,6,0
1526,199850,4,19,6,3,6,4,0,0,0,0,0,1,0,52.480537957675494,13.416085559509703,0,1,4,0
1527,199853,4,19,6,3,5,7,0,0,1,0,0,0,0,52.51936314162067,13.299739188243176,0,1,7,0
1528,199857,4,15,6,2,5,2,0,0,0,0,0,0,0,52.446821940297745,13.331686538214536,1,0,2,0
1529,199858,4,19,3,2,0,1,0,0,0,0,0,0,0,52.46232799147679,13.514530946602815,1,0,1,0
1530,199860,4,17,6,3,4,6,0,0,1,0,0,0,0,52.46576250987675,13.306112199634152,0,0,6,0
1531,199862,4,14,6,3,3,6,0,0,0,0,0,0,1,52.543325591447534,13.570492193685816,0,1,6,0
1532,199864,4,19,2,3,5,2,0,0,1,0,0,0,0,52.55148467869672,13.403784210616337,0,1,2,0
1533,199865,4,16,6,3,5,2,0,0,0,0,0,0,1,52.540254884423895,13.346726879451547,0,1,2,0
1534,199867,4,21,2,3,5,3,2,0,1,0,0,0,0,52.59083941931825,13.371043695409856,0,1,2,0
1535,199868,4,14,6,3,5,3,0,0,1,0,0,0,0,52.52460470612297,13.305929812397473,0,1,2,0
1536,199869,4,16,6,3,0,7,0,0,0,0,0,0,0,52.52852480679112,13.345359639866517,1,0,7,0
1537,199873,4,15,6,3,5,2,0,0,1,0,0,0,0,52.55062643516797,13.38481069769615,0,1,2,0
1538,199876,4,13,6,3,5,3,0,0,1,0,0,0,0,52.44523513088765,13.433561242531798,0,1,2,0
1539,199877,4,18,2,3,5,2,0,0,1,0,0,0,0,52.46939343264717,13.37150088854543,0,1,2,0
1540,199878,4,12,6,3,0,2,0,0,1,1,0,0,0,52.51537359196243,13.418065470332264,0,1,2,0
1541,199880,4,18,2,3,5,3,0,0,1,0,0,0,0,52.502266172517565,13.597394752546599,0,1,2,0
1542,199881,4,12,6,3,3,6,0,0,1,0,0,0,0,52.49222037984941,13.379321280491656,0,0,6,0
1543,199882,4,16,6,2,5,3,0,0,1,0,0,0,0,52.52799744508909,13.640822775194552,0,1,2,0
1544,199885,4,18,2,3,5,2,0,0,1,0,0,0,0,52.435366677114715,13.258195238181761,0,1,2,0
1545,199886,4,12,6,3,0,6,0,0,1,0,0,0,0,52.42693893543276,13.498125140011338,0,1,6,0
1546,199890,4,16,2,3,5,3,0,0,1,0,0,0,0,52.51096990524746,13.416599748784547,0,1,2,0
1547,199896,4,15,2,3,6,7,0,0,0,0,0,1,0,52.48751774784549,13.419820339054626,0,1,7,0
1548,199897,4,21,6,2,0,1,2,0,0,0,0,0,0,52.417702360778854,13.307125094423654,1,0,1,0
1549,199899,4,20,6,3,0,1,2,0,0,0,0,0,0,52.52178180481096,13.416234890370069,1,0,1,0
1550,199905,4,15,2,3,5,2,0,0,1,0,0,0,0,52.5256377012659,13.305978588872776,0,1,2,0
1551,199907,4,15,2,2,5,2,0,0,1,0,0,0,0,52.53673766124522,13.353370444850333,0,1,2,0
1552,199908,4,17,5,3,3,2,0,0,1,0,0,0,0,52.523866904971285,13.38754611044332,0,1,2,0
1553,199911,4,16,5,2,5,3,0,0,1,0,0,0,0,52.50130237341185,13.441535135325305,0,1,2,0
1554,199913,4,15,2,3,6,6,0,0,0,0,0,1,0,52.530872371621115,13.384150548379855,0,1,6,0
1555,199914,4,8,5,3,0,3,0,0,0,0,0,0,1,52.444887985475155,13.30252687557898,0,1,2,0
1556,199915,4,21,5,2,2,7,2,0,1,0,0,0,0,52.50141675357294,13.418794424132926,0,1,7,0
1557,199917,4,8,5,3,6,4,0,0,0,0,0,1,0,52.536163086685285,13.417873230675552,0,1,4,0
1558,199925,5,9,6,3,5,2,0,0,1,0,0,0,0,52.52040235449042,13.469725416875455,0,1,2,0
1559,199929,5,14,2,3,0,6,0,0,1,0,0,0,0,52.43415294785079,13.375595572888784,0,1,6,0
1560,199930,5,23,6,2,1,5,2,0,1,0,0,0,0,52.46364248492587,13.37721502353251,0,1,5,0
1561,199932,5,14,2,3,1,5,0,0,1,0,0,0,0,52.44681271749037,13.575240897819741,0,1,5,0
1562,199933,5,13,2,3,0,5,0,0,0,0,0,0,1,52.481288332578714,13.437995693246794,0,1,5,0
1563,199937,5,7,6,3,5,3,0,0,1,0,0,0,0,52.53662886681136,13.418255370335697,0,1,2,0
1564,199938,5,7,6,2,5,2,0,0,0,0,1,0,0,52.5078758576655,13.414037429357393,0,1,2,0
1565,199940,5,7,6,3,1,5,0,0,1,0,0,0,0,52.52516271174849,13.557766651722595,0,1,5,0
1566,199949,5,7,5,3,5,3,0,0,1,0,0,0,0,52.42150661522104,13.539533073187703,0,1,2,0
1567,199953,5,19,5,3,5,3,1,0,1,0,0,0,0,52.503356156339166,13.410521665931473,0,1,2,0
1568,199954,5,19,2,2,5,2,0,0,0,0,0,0,0,52.48883200421203,13.405409837239224,1,0,2,0
1569,199956,5,20,2,3,5,3,1,0,1,0,0,0,0,52.56318831650782,13.373733349178812,0,1,2,0
1570,199958,5,19,5,3,2,7,0,0,0,0,0,0,1,52.492315464456794,13.339921875014207,0,1,7,0
1571,199959,5,20,2,3,5,2,1,0,1,0,0,0,0,52.48715833358035,13.326571532505653,0,1,2,0
1572,199961,5,7,5,3,0,6,0,0,0,0,0,0,1,52.551524311328926,13.465742480687744,0,1,6,0
1573,199962,5,20,5,3,5,3,1,0,0,0,0,0,1,52.499259102082405,13.426168742253322,0,1,2,0
1574,199965,5,16,5,3,0,5,0,0,0,0,0,0,1,52.56626957164646,13.319131182972644,0,1,5,0
1575,199967,5,18,2,3,5,7,0,0,1,0,0,0,0,52.48808723698101,13.322650459221865,0,1,7,0
1576,199968,5,18,5,3,3,6,0,0,1,0,0,0,0,52.53118638561121,13.347983994004347,0,1,6,0
1577,199971,5,18,2,3,5,2,0,0,0,1,0,0,0,52.49085150185585,13.323098208036944,0,1,2,0
1578,199979,5,16,5,2,5,3,0,0,1,0,0,0,0,52.46361357647772,13.627189230847812,0,1,2,0
1579,199980,5,7,2,3,5,2,0,0,1,0,0,0,0,52.40237915314762,13.52205118904036,0,1,2,0
1580,199982,5,15,5,2,5,3,0,0,1,0,0,0,0,52.54463738018104,13.445876876256804,0,1,2,0
1581,199985,5,7,2,3,0,2,0,0,1,0,0,0,0,52.533357070004605,13.387643070113235,0,1,2,0
1582,199986,5,4,5,3,6,7,2,0,0,0,0,1,0,52.556076226219346,13.440392240887046,0,1,7,0
1583,199989,5,7,5,3,5,2,0,0,1,0,0,0,0,52.501036230599354,13.347103615956204,0,1,2,0
1584,199990,5,8,2,3,2,6,0,0,1,0,0,0,0,52.48831311262017,13.301933270596619,0,0,6,0
1585,199992,5,7,2,3,5,3,0,0,1,0,0,0,0,52.5106011793451,13.368583415622686,0,1,2,0
1586,199994,5,9,5,3,5,2,0,0,1,0,0,0,0,52.49385061115578,13.515323055382446,0,1,2,0
1587,199998,5,10,5,3,5,3,0,0,1,0,0,0,0,52.41996475761782,13.3312507021719,0,1,2,0
1588,199999,5,9,2,3,5,2,0,0,1,0,0,0,0,52.46435797880558,13.329886951604822,0,1,2,0
1589,200000,5,11,5,3,6,4,0,0,0,0,0,1,0,52.46681881764261,13.307784754628036,0,1,4,0
1590,200001,5,12,5,2,0,1,0,0,0,0,0,0,0,52.529073569469176,13.401793693625036,1,0,1,0
1591,200004,5,10,2,3,5,3,0,0,1,0,0,0,0,52.4652576954875,13.29886220077682,0,1,2,0
1592,200006,5,10,2,3,5,3,0,0,1,0,0,0,0,52.51559105446123,13.389058077792384,0,1,2,0
1593,200009,5,15,5,3,2,6,0,0,1,0,0,0,0,52.39176667804823,13.130700504415836,0,1,6,0
1594,200010,5,13,5,3,1,5,0,0,1,0,0,0,0,52.50444521143435,13.312942690993747,0,1,5,0
1595,200011,5,11,2,3,3,6,0,0,1,0,0,0,0,52.45757927795702,13.318822333952868,0,1,6,0
1596,200012,5,0,4,3,3,6,2,0,1,0,0,0,0,52.477907043043814,13.448130858301287,0,1,6,0
1597,200014,5,13,5,3,1,5,0,0,1,0,0,0,0,52.48715243632396,13.421392141296964,0,1,5,0
1598,200015,5,17,4,3,0,2,0,0,1,0,0,0,0,52.444701606762045,13.569234596795974,0,1,2,0
1599,200017,5,17,4,3,3,6,0,0,1,0,0,0,0,52.538664541613855,13.395792562381716,0,1,6,0
1600,200019,5,21,4,3,5,2,0,0,1,0,0,0,0,52.554365757156276,13.359914812365735,0,1,2,0
1601,200020,5,22,4,3,1,5,2,0,1,0,0,0,0,52.48585507733049,13.430727241384776,0,1,5,0
1602,200022,5,12,2,2,5,2,0,0,1,0,0,0,0,52.45683615242383,13.359406584570785,0,1,2,0
1603,200023,5,13,4,3,3,6,0,0,0,0,0,0,1,52.43856929009149,13.549879081879926,0,1,6,0
1604,200024,5,7,4,2,5,3,0,0,1,0,0,0,0,52.43551156450052,13.313332827517689,0,1,2,0
1605,200025,5,12,2,3,0,1,0,0,0,0,0,0,0,52.50526926148614,13.352201468810453,1,0,1,0
1606,200029,5,13,4,3,0,1,0,0,0,0,0,0,0,52.52673442369479,13.482916919614134,1,0,1,0
1607,200032,5,16,1,3,1,5,0,0,1,0,0,0,1,52.50983013817874,13.429800270272946,0,1,5,1
1608,200033,5,12,4,2,1,5,0,0,1,0,0,0,0,52.516593233197156,13.432470444175785,0,1,5,0
1609,200038,5,13,4,3,6,4,0,0,0,0,0,1,0,52.54763512491507,13.413708781594766,0,1,4,0
1610,200039,5,9,4,2,5,2,0,0,0,0,0,0,1,52.499533049259135,13.458161822054395,0,1,2,0
1611,200041,5,13,4,3,5,2,0,0,1,0,0,0,0,52.522933896862256,13.329846326360155,0,1,2,0
1612,200044,5,13,1,3,5,3,0,0,1,0,0,0,0,52.49774892540837,13.361776936134346,0,1,2,1
1613,200047,5,17,4,3,1,5,0,0,1,0,0,0,1,52.49974416335782,13.424836255084207,0,1,5,0
1614,200049,5,12,1,2,5,3,0,0,1,0,0,0,0,52.423923883570225,13.490965949267476,0,1,2,1
1615,200052,5,9,4,3,5,3,0,0,1,0,0,0,0,52.50916675458116,13.416379240918742,0,1,2,0
1616,200055,5,9,4,3,0,6,0,0,1,0,0,0,0,52.55473745179407,13.446779136798119,0,1,6,0
1617,200058,5,18,1,2,5,3,0,0,1,0,0,0,0,52.50350744219154,13.411167373166535,0,1,2,1
1618,200059,5,22,4,3,5,7,2,0,1,0,0,0,0,52.49317947103806,13.36707174533576,0,1,7,0
1619,200061,5,19,1,3,0,1,0,0,1,0,0,0,0,52.513472541781645,13.299603699507205,0,1,1,1
1620,200063,5,8,4,3,5,3,0,0,1,0,0,0,0,52.512423697442244,13.403954405111833,0,1,2,0
1621,200066,5,7,4,3,0,7,0,0,1,0,0,0,0,52.50544077618954,13.42252508176944,0,1,7,0
1622,200071,5,16,4,3,5,2,0,0,0,0,0,0,1,52.506709246617355,13.390426192926036,0,1,2,0
1623,200076,5,15,4,3,1,5,0,0,1,0,0,0,0,52.48827255763722,13.365210412696102,0,1,5,0
1624,200079,5,15,4,2,3,6,0,0,1,0,0,0,0,52.51127382961929,13.269453730661256,0,1,6,0
1625,200080,5,16,1,3,0,2,0,0,1,0,0,0,0,52.61244335958351,13.43351154876874,0,1,2,1
1626,200082,5,15,4,3,5,2,0,0,1,0,0,0,0,52.55589791287871,13.384350505949651,0,1,2,0
1627,200084,5,17,4,3,5,2,0,0,1,0,0,0,0,52.47680729718016,13.320269480928474,0,1,2,0
1628,200086,5,6,1,3,5,3,0,0,1,0,0,0,0,52.518736358005384,13.339990860181295,0,1,2,1
1629,200087,5,8,4,3,5,2,0,0,1,0,0,0,0,52.543029751244475,13.426284322261248,0,1,2,0
1630,200089,5,15,1,3,5,2,0,0,1,0,0,0,0,52.482596363088,13.263372708380649,0,1,2,1
1631,200091,5,17,3,3,5,3,0,0,0,0,0,0,0,52.508391523903406,13.351305180234213,1,0,2,0
1632,200092,5,15,1,3,5,2,0,0,1,0,0,0,0,52.53214939885257,13.441720401601408,0,1,2,1
1633,200094,5,12,3,3,6,7,0,0,0,0,0,1,0,52.55273226759918,13.580837741884748,0,1,7,0
1634,200095,5,14,1,2,5,2,0,0,1,0,0,0,0,52.595139064182604,13.285818239660227,0,1,2,1
1635,200097,5,17,3,3,3,6,0,0,1,0,0,0,0,52.416926621257886,13.53355713811412,0,1,6,0
1636,200098,5,16,4,3,5,2,0,0,1,0,0,0,0,52.45234038918682,13.433092237676759,0,1,2,0
1637,200100,5,23,7,3,5,2,2,0,1,0,0,0,0,52.54653936188036,13.344916947250194,0,1,2,1
1638,200101,5,19,3,3,6,4,0,0,0,0,0,1,0,52.45081047783614,13.339944535378553,0,1,4,0
1639,200102,5,12,7,3,0,2,0,0,1,0,0,0,0,52.42237876354905,13.280069046993544,0,1,2,1
1640,200103,5,15,4,3,0,1,0,0,0,0,0,0,0,52.508685360120154,13.466379945643848,1,0,1,0
1641,200104,5,22,3,3,5,3,2,0,1,0,0,0,0,52.49129294084898,13.396573690589351,0,1,2,0
1642,200105,5,18,7,3,3,6,0,0,1,0,0,0,0,52.522377435466154,13.378359257614708,0,1,6,1
1643,200109,5,16,4,2,3,6,0,0,0,0,0,0,1,52.61783621302422,13.481520600819028,0,1,6,0
1644,200110,5,17,7,3,5,2,0,0,1,0,0,0,0,52.49146367449146,13.376741688620193,0,1,2,1
1645,200111,5,19,3,3,5,2,0,0,1,0,0,0,0,52.47172602105378,13.38341491500865,0,1,2,0
1646,200112,5,16,7,3,5,3,0,0,1,0,0,0,0,52.4133376916094,13.488193574923965,0,1,2,1
1647,200113,5,16,4,3,5,3,0,0,0,0,0,0,0,52.45537459591785,13.583625765606227,1,0,2,0
1648,200115,5,18,3,3,5,2,0,0,0,0,0,0,1,52.54870150612602,13.178187751159813,0,1,2,0
1649,200116,5,15,7,3,5,2,0,0,1,0,0,0,0,52.44236183479935,13.686254538521194,0,1,2,1
1650,200118,5,14,4,3,5,2,0,0,1,0,0,0,0,52.5372443234257,13.3603446471101,0,1,2,0
1651,200119,5,18,3,3,5,2,0,0,1,0,0,0,0,52.47880678838028,13.320200872556008,0,1,2,0
1652,200120,5,14,7,3,5,2,0,0,1,0,0,0,0,52.55111101826154,13.442662321997958,0,1,2,1
1653,200121,5,18,3,3,5,2,0,0,0,0,0,0,1,52.58616667771397,13.389656985644919,0,1,2,0
1654,200122,5,12,7,3,5,2,0,0,1,0,0,0,0,52.494127296108786,13.36310751437427,0,1,2,1
1655,200123,5,14,4,3,3,6,0,0,1,0,0,0,0,52.55469474941849,13.383519936194535,0,0,6,0
1656,200124,5,18,3,3,5,3,0,0,1,0,0,0,0,52.51247840815071,13.45242040538642,0,1,2,0
1657,200131,5,17,3,3,5,3,0,0,1,0,0,0,0,52.518759252927,13.380318279698301,0,1,2,0
1658,200134,5,23,3,3,4,1,2,0,0,0,0,0,0,52.49143002268655,13.434456371210995,1,0,1,0
1659,200135,5,20,3,2,0,1,1,0,0,0,0,0,0,52.48097973901171,13.197269603681672,1,0,1,0
1660,200137,5,20,3,3,2,6,2,0,1,0,0,0,0,52.527613681332156,13.397897668058127,0,1,6,0
1661,200140,5,18,3,3,5,2,0,0,1,0,0,0,0,52.4815202659852,13.329439090919758,0,1,2,0
1662,200141,5,10,3,3,5,2,0,0,1,0,0,0,0,52.523965751139905,13.409609094407735,0,1,2,0
1663,200143,5,20,7,2,0,1,1,0,0,0,0,0,0,52.453432743718736,13.568943151261973,1,0,1,1
1664,200148,5,10,3,3,1,5,0,0,1,0,0,0,0,52.5666821347311,13.199385425117988,0,1,5,0
1665,200151,5,16,3,3,5,2,0,0,0,0,0,0,1,52.5479853365262,13.1829760315889,0,1,2,0
1666,200152,5,10,3,3,1,5,0,0,1,0,0,0,0,52.545593495254366,13.200436042575314,0,1,5,0
1667,200153,5,15,7,2,5,3,0,0,1,0,0,0,0,52.529025034401656,13.40987361161382,0,1,2,1
1668,200155,5,15,3,3,5,3,0,0,1,0,0,0,0,52.56159496372752,13.372504734448896,0,1,2,0
1669,200158,5,11,7,3,7,7,0,0,0,0,0,0,0,52.41128163434825,13.42133564811068,1,0,7,1
1670,200159,5,7,3,3,5,2,0,0,1,0,0,0,0,52.437278081575954,13.562462279175437,0,1,2,0
1671,200161,5,15,3,2,6,4,0,0,0,0,0,1,0,52.5125095703053,13.452230861094256,0,1,4,0
1672,200162,5,21,7,2,3,6,2,0,1,0,0,0,0,52.480535492903996,13.416097095169025,0,0,6,1
1673,200163,5,7,3,3,5,2,0,0,1,0,0,0,0,52.51370762758193,13.455071656708094,0,1,2,0
1674,200171,5,6,3,3,5,3,0,0,1,0,0,0,0,52.52824864928111,13.37855636257483,0,1,2,0
1675,200172,5,10,3,3,5,2,0,0,1,0,0,0,0,52.51816395990614,13.427845372048305,0,1,2,0
1676,200173,5,9,7,3,5,3,0,0,1,0,0,0,0,52.440342962645474,13.459058427612556,0,1,2,1
1677,200175,5,4,3,2,5,2,1,0,0,0,0,0,1,52.39850130398786,13.406643716683972,0,1,2,0
1678,200177,5,9,3,3,0,2,0,0,0,0,1,0,0,52.48910200197058,13.405656887536495,0,1,2,0
1679,200181,5,11,7,2,5,3,0,0,1,0,0,0,0,52.55386414005177,13.566313982146811,0,1,2,1
1680,200182,4,20,2,2,5,2,1,0,1,0,0,0,0,52.502607536167964,13.446704547371528,0,1,2,0
1681,200183,5,9,3,3,5,3,0,0,1,0,0,0,0,52.52447629951124,13.350331757071304,0,1,2,0
1682,200184,4,10,2,3,1,5,0,0,1,0,0,0,0,52.49345154996674,13.317434590759635,0,1,5,0
1683,200189,5,12,7,3,1,5,0,0,1,0,0,0,0,52.54900084465663,13.163032400883921,0,1,5,1
1684,200190,4,10,2,3,5,3,0,0,1,0,0,0,0,52.53399598316929,13.496503036243825,0,1,2,0
1685,200191,5,8,3,3,5,3,0,0,0,0,0,0,1,52.55034077954563,13.427847988643546,0,1,2,0
1686,200192,4,10,2,3,1,5,0,0,1,0,0,0,0,52.49721907046074,13.346433226611373,0,1,5,0
1687,200193,5,8,3,3,2,6,0,0,1,0,0,0,0,52.50059837247883,13.439628581006534,0,0,6,0
1688,200199,5,4,7,2,0,1,2,0,0,0,0,0,0,52.53433194025404,13.405426099246617,1,0,1,1
1689,200205,5,20,6,3,1,5,0,0,1,0,0,0,0,52.41399770566614,13.146638503768633,0,1,5,0
1690,200208,5,21,6,3,0,3,1,0,0,0,0,0,0,52.536960763881645,13.476769104757825,1,0,2,0
1691,200209,5,19,6,3,5,3,1,0,0,0,0,0,0,52.56291294559399,13.196575478587574,1,0,2,0
1692,200210,4,19,2,2,5,2,0,0,0,0,1,0,0,52.57819891957674,13.297962008061154,0,1,2,0
1693,200211,5,12,3,3,1,5,0,0,1,0,0,0,0,52.42275307484642,13.391572776300347,0,1,5,0
1694,200212,5,7,6,3,5,2,0,0,1,0,0,0,0,52.39416805314063,13.411086575387266,0,1,2,0
1695,200214,5,15,6,3,5,7,0,0,1,0,0,0,0,52.52581202374406,13.368346306222579,0,1,7,0
1696,200217,5,17,6,3,5,3,0,0,1,0,0,0,0,52.56838722992352,13.527297120426645,0,1,2,0
1697,200218,4,18,2,3,5,2,0,0,1,0,0,0,0,52.45356280112915,13.272050560087235,0,1,2,0
1698,200221,4,17,2,2,5,2,0,0,1,0,0,0,0,52.41325410714329,13.660045945358698,0,1,2,0
1699,200222,4,17,2,2,5,2,0,0,1,0,0,0,0,52.56895805972042,13.356415384780927,0,1,2,0
1700,200223,5,12,3,3,5,3,0,0,1,0,0,0,0,52.55422784321624,13.418274813792268,0,1,2,0
1701,200226,4,17,2,2,0,2,0,0,1,0,0,0,0,52.583079662206494,13.428596706269815,0,1,2,0
1702,200227,5,13,3,3,5,3,0,0,1,0,0,0,0,52.402425525555174,13.522252669965866,0,1,2,0
1703,200230,4,17,2,3,3,6,0,0,1,0,0,0,0,52.524316236236466,13.387591814711952,0,0,6,0
1704,200231,5,13,3,3,5,3,0,0,1,0,0,0,0,52.53645597663198,13.596747290327563,0,1,2,0
1705,200233,4,16,2,3,2,2,0,0,1,0,0,0,0,52.42315605015608,13.313396618103893,0,1,2,0
1706,200241,5,14,6,3,5,3,0,0,1,0,0,0,0,52.52298415962686,13.476959878168294,0,1,2,0
1707,200242,4,16,2,3,5,3,0,0,1,0,0,0,0,52.5039816381404,13.352851857260315,0,1,2,0
1708,200245,5,14,6,3,3,6,0,0,1,0,0,0,0,52.50037765807657,13.33038603629367,0,1,6,0
1709,200250,5,11,6,3,5,2,0,0,1,0,0,0,0,52.51575796985152,13.391111258393964,0,1,2,0
1710,200251,5,15,3,3,2,5,0,0,1,0,0,0,1,52.49994409000357,13.418328537390584,0,1,5,0
1711,200252,5,17,6,3,3,6,0,0,1,0,0,0,0,52.51454989066165,13.38594911228616,0,1,6,0
1712,200255,5,15,6,2,5,2,0,0,1,0,0,0,0,52.52645207991903,13.496117738851588,0,1,2,0
1713,200256,4,14,2,3,5,7,0,0,1,0,0,0,0,52.53833141822171,13.372851408853489,0,1,7,0
1714,200257,5,16,3,3,5,2,0,0,1,0,0,0,0,52.54651689998185,13.509215763594488,0,1,2,0
1715,200259,5,17,3,3,0,2,0,0,1,0,0,0,0,52.51782182673033,13.37083249500688,0,1,2,0
1716,200260,5,16,3,2,5,3,0,0,1,0,0,0,0,52.4123288625707,13.504952311681034,0,1,2,0
1717,200262,4,14,2,3,1,5,0,0,1,0,0,0,0,52.486382741125404,13.350806835067575,0,1,5,0
1718,200268,5,13,6,3,5,2,0,0,1,0,0,0,0,52.426204006611044,13.186747158386426,0,1,2,0
1719,200270,5,7,2,3,5,2,0,0,1,0,0,0,0,52.53809948189738,13.215578636672687,0,1,2,0
1720,200271,5,12,6,3,5,3,0,0,1,0,0,0,0,52.61301976240157,13.310920682825818,0,1,2,0
1721,200273,5,10,2,3,0,2,0,0,1,0,0,0,0,52.451725524537494,13.624819354694765,0,1,2,0
1722,200274,5,12,6,3,5,3,0,0,0,0,0,0,0,52.497967100059526,13.436147253336866,1,0,2,0
1723,200275,4,14,2,3,0,1,0,0,0,0,0,0,0,52.4179717099179,13.472115163217785,1,0,1,0
1724,200278,5,17,2,2,5,7,0,0,1,0,0,0,0,52.49968730530428,13.416251259598779,0,1,7,0
1725,200279,5,11,6,3,5,2,0,0,1,0,0,0,0,52.4895148651946,13.405817361365092,0,1,2,0
1726,200283,5,8,2,3,5,2,0,0,1,0,0,0,0,52.53350064251261,13.387454469820106,0,1,2,0
1727,200288,4,12,2,3,1,5,0,0,1,0,0,0,1,52.48583425598969,13.424297705028447,0,1,5,0
1728,200289,5,17,2,3,4,6,0,0,1,0,0,0,0,52.59074613090859,13.446178061254976,0,0,6,0
1729,200290,5,14,6,3,5,3,0,0,1,0,0,0,0,52.5506932262716,13.373722418775227,0,1,2,0
1730,200291,4,12,2,3,5,3,0,0,1,0,0,0,0,52.54510107494629,13.35000758188828,0,1,2,0
1731,200293,4,12,2,3,3,6,0,0,1,0,0,0,0,52.52511679806549,13.560476713271365,0,1,6,0
1732,200294,5,17,2,3,5,3,0,0,1,0,0,0,0,52.51004101864622,13.400425656307466,0,1,2,0
1733,200296,4,12,2,3,0,7,0,0,0,0,0,0,1,52.50306933309896,13.3275308409727,0,1,7,0
1734,200297,4,12,2,3,0,2,0,0,0,0,0,0,1,52.525266653697535,13.34292337401443,0,1,2,0
1735,200298,5,17,2,3,5,3,0,0,1,0,0,0,0,52.497198271360595,13.290220331661933,0,1,2,0
1736,200299,5,10,6,3,5,2,0,0,1,0,0,0,0,52.594008600249126,13.282109270921788,0,1,2,0
1737,200302,4,12,2,3,5,2,0,0,1,0,0,0,0,52.554114790617504,13.411046696807336,0,1,2,0
1738,200303,5,16,2,3,3,6,0,0,0,0,1,0,0,52.551681323102635,13.429335850408401,0,1,6,0
1739,200304,5,20,6,3,6,4,0,0,0,0,0,1,0,52.50681565823717,13.392169283291885,0,1,4,0
1740,200306,5,16,2,3,5,2,0,0,1,0,0,0,0,52.507655741966154,13.390364775876016,0,1,2,0
1741,200307,5,10,6,3,1,5,0,0,1,0,0,0,0,52.42571547956627,13.587138355952339,0,1,5,0