Unnamed: 0,OBJECTID,UMONAT,USTUNDE,UWOCHENTAG,UKATEGORIE,UART,UTYP1,ULICHTVERH,STRZUSTAND,IstPKW,IstKrad,IstGkfz,IstFuss,IstSonstige,lat,lon,alone,not_alone,UTYP2,weekend
2236,201348,6,9,4,3,5,2,0,0,1,0,0,0,0,52.50101329123294,13.453322400126215,0,1,2,0
2237,201349,6,8,4,3,0,2,0,0,1,0,0,0,0,52.52080999498093,13.373599964066539,0,1,2,0
2238,201351,6,5,4,3,5,2,0,0,1,0,0,0,0,52.42571447606112,13.545262807846186,0,1,2,0
2239,201352,6,8,4,3,1,5,0,0,0,0,0,0,1,52.55056323183997,13.414767844036989,0,1,5,0
2240,201354,6,8,4,3,1,5,0,0,1,0,0,0,1,52.515770094093675,13.389030459990812,0,1,5,0
2241,201355,6,8,4,3,5,2,0,0,1,0,0,0,0,52.47137982256729,13.466934721216473,0,1,2,0
2242,201356,6,14,2,3,5,3,0,0,1,0,0,0,0,52.466630145306816,13.309902155178175,0,1,2,0
2243,201357,6,8,4,3,5,7,0,0,1,0,0,0,0,52.498003627697,13.447603985292098,0,1,7,0
2244,201359,6,8,4,3,5,2,0,0,1,0,0,0,0,52.49227910324712,13.339007651871865,0,1,2,0
2245,201360,6,13,2,3,0,7,0,0,1,0,0,0,0,52.55295259575651,13.337577416130529,0,1,7,0
2246,201361,6,9,4,3,2,2,0,0,1,0,0,0,0,52.52595003984322,13.540309002147676,0,1,2,0
2247,201362,6,19,4,3,5,2,0,0,1,0,0,0,0,52.54883516111368,13.178215700982795,0,1,2,0
2248,201363,6,13,2,3,5,3,0,0,0,0,0,0,1,52.419564001980675,13.17594597206311,0,1,2,0
2249,201367,6,11,2,3,0,3,0,0,0,1,0,0,0,52.43568138097867,13.344467607355654,0,1,2,0
2250,201368,6,11,2,3,5,2,0,0,1,0,0,0,0,52.50823257266033,13.399026272688587,0,1,2,0
2251,201369,6,19,4,3,5,3,0,0,0,0,0,0,1,52.56760583520177,13.364085691394331,0,1,2,0
2252,201370,6,19,4,3,1,5,0,0,1,0,0,0,0,52.45659008366388,13.39981881884521,0,1,5,0
2253,201371,6,11,2,3,5,2,0,0,1,0,0,0,0,52.5294992674261,13.19568574188476,0,1,2,0
2254,201373,6,10,2,2,5,3,0,0,1,0,0,0,0,52.5565999407393,13.377093815104065,0,1,2,0
2255,201374,6,20,4,3,5,3,1,0,1,0,0,0,0,52.563854788190746,13.460963479874652,0,1,2,0
2256,201376,6,21,4,3,5,3,1,0,1,0,0,0,0,52.541419185592616,13.422750038973453,0,1,2,0
2257,201377,6,22,4,3,0,5,2,0,1,0,0,0,0,52.51522314226692,13.431354250024786,0,1,5,0
2258,201379,6,17,4,3,0,1,0,0,0,0,0,0,0,52.511318702538574,13.403367493060713,1,0,1,0
2259,201380,6,7,2,3,1,5,0,0,1,0,0,0,0,52.4475825701709,13.349383416559885,0,1,5,0
2260,201382,6,17,4,3,5,3,0,0,1,0,0,0,0,52.50792607507965,13.304206789953856,0,1,2,0
2261,201385,6,16,4,2,5,3,0,0,0,0,0,0,0,52.46946427197423,13.236232064097994,1,0,2,0
2262,201391,6,16,4,3,5,3,0,0,1,0,0,0,0,52.55106876506958,13.449746181864581,0,1,2,0
2263,201392,6,17,1,3,0,1,0,0,0,0,0,0,0,52.45556884948754,13.625293061466673,1,0,1,1
2264,201393,6,16,4,3,5,3,0,0,0,0,1,0,0,52.54699777262269,13.42478984054276,0,1,2,0
2265,201395,6,16,1,3,2,6,0,0,1,0,0,0,0,52.522683154591945,13.250566985973485,0,0,6,1
2266,201397,6,15,1,3,0,4,0,0,0,0,0,1,0,52.450377586588935,13.624658804967144,0,1,4,1
2267,201407,6,9,1,3,1,1,0,0,1,0,0,0,0,52.46287024777809,13.317907629166115,0,1,1,1
2268,201412,6,15,4,3,5,3,0,0,1,0,0,0,0,52.5009099088643,13.405062054609006,0,1,2,0
2269,201420,6,22,1,3,0,3,2,0,1,0,0,0,0,52.48556080574964,13.32273338862052,0,1,2,1
2270,201422,6,14,4,3,5,3,0,0,1,0,0,0,0,52.55555759562788,13.418415646511756,0,1,2,0
2271,201423,6,11,1,2,5,3,0,0,1,0,0,0,0,52.518410069904135,13.280082531874257,0,1,2,1
2272,201424,6,14,4,3,3,2,0,0,1,0,0,0,0,52.49991437181181,13.353730622305315,0,1,2,0
2273,201427,6,6,5,3,0,2,0,0,1,0,0,0,0,52.47530723650782,13.453206768985398,0,1,2,0
2274,201432,6,15,7,3,1,5,0,0,1,0,0,0,0,52.49210762256232,13.383006471817955,0,1,5,1
2275,201434,6,15,7,3,0,7,0,0,1,0,0,0,0,52.5189331130125,13.288763697418547,0,1,7,1
2276,201436,6,14,7,3,1,5,0,0,1,0,0,0,1,52.501153822737464,13.419749272834995,0,1,5,1
2277,201440,6,15,5,3,5,2,0,0,1,0,0,0,0,52.55688879641714,13.528267869274714,0,1,2,0
2278,201441,6,8,4,3,5,3,0,0,1,0,0,0,0,52.51297915706545,13.3303087696945,0,1,2,0
2279,201444,6,11,7,3,6,4,0,0,0,0,0,1,0,52.48614155783558,13.350753790067891,0,1,4,1
2280,201446,6,7,4,3,2,6,0,0,1,0,0,0,0,52.500902241752215,13.441998438265285,0,1,6,0
2281,201450,6,7,4,3,0,5,0,0,1,0,0,0,0,52.489238039147956,13.362304187857875,0,1,5,0
2282,201456,6,7,4,3,5,2,0,0,1,0,0,0,0,52.55554874661914,13.39027792272251,0,1,2,0
2283,201457,6,17,5,3,5,3,0,0,1,0,0,0,0,52.54990232745315,13.417289024150026,0,1,2,0
2284,201460,6,19,7,3,5,5,0,0,1,0,0,0,0,52.48727514490614,13.322582795073016,0,1,5,1
2285,201461,6,10,7,3,2,2,0,0,0,0,0,0,1,52.399418744541975,13.55284176764222,0,1,2,1
2286,201462,6,6,4,3,5,2,0,0,1,0,0,0,0,52.50281650748536,13.446640551231715,0,1,2,0
2287,201463,6,9,7,2,5,3,0,0,1,0,0,0,0,52.534483803252,13.537386903019394,0,1,2,1
2288,201464,6,17,5,3,1,1,0,0,1,0,0,0,0,52.444987463711655,13.574110304991846,0,1,1,0
2289,201465,6,8,4,3,5,3,0,0,1,0,0,0,0,52.48970441300628,13.379287114836302,0,1,2,0
2290,201470,6,18,3,3,5,2,0,0,1,0,0,0,0,52.46862357388389,13.42075358222081,0,1,2,0
2291,201471,6,12,7,3,0,2,0,0,1,0,0,0,0,52.503824387435685,13.41097596377088,0,1,2,1
2292,201472,6,7,3,3,5,3,0,0,1,0,0,0,0,52.52285184222721,13.47721236670576,0,1,2,0
2293,201474,6,16,3,3,5,3,0,0,1,0,0,0,0,52.486365090374825,13.3262313324509,0,1,2,0
2294,201479,6,21,3,3,0,3,2,0,0,0,0,0,0,52.560167997435634,13.424438400253756,1,0,2,0
2295,201480,6,18,5,3,5,3,0,0,1,0,0,0,0,52.51130088836626,13.41367089984272,0,1,2,0
2296,201487,6,13,3,3,5,3,0,0,1,0,0,0,0,52.52308061833788,13.31446050971172,0,1,2,0
2297,201488,6,19,6,3,5,7,0,0,1,0,0,0,0,52.56118118109754,13.410328424431606,0,1,7,0
2298,201489,6,12,3,3,3,6,0,0,1,0,0,0,0,52.50727680828336,13.37867031116964,0,0,6,0
2299,201490,6,18,6,3,1,5,0,0,1,0,0,0,0,52.51007924904913,13.415739778178727,0,1,5,0
2300,201492,6,18,6,3,1,5,0,0,1,0,0,0,1,52.5140209345886,13.417751436439532,0,1,5,0
2301,201494,6,18,5,3,2,2,0,0,1,0,0,0,0,52.50725429681448,13.4281789797981,0,1,2,0
2302,201495,6,14,3,2,5,3,0,0,1,0,0,0,0,52.4944188611623,13.399860768183709,0,1,2,0
2303,201496,6,15,6,3,5,2,0,0,1,0,0,0,0,52.506675386470384,13.29494227103014,0,1,2,0
2304,201497,6,14,3,3,5,3,0,0,1,0,0,0,0,52.40496520404036,13.268771591695476,0,1,2,0
2305,201503,6,5,6,3,0,6,0,0,1,0,0,0,0,52.44067937117792,13.35115179452308,0,1,6,0
2306,201506,6,15,3,3,2,6,0,0,0,0,0,0,1,52.520748521460774,13.499428030417885,0,1,6,0
2307,201507,6,18,5,3,5,2,0,0,1,0,0,0,0,52.47643648569502,13.476556642026164,0,1,2,0
2308,201509,6,23,3,3,5,3,2,0,1,0,0,0,0,52.54934262881209,13.386678890242484,0,1,2,0
2309,201511,6,20,3,2,5,3,2,0,0,0,0,0,0,52.45239844272086,13.133655887725348,1,0,2,0
2310,201513,6,13,6,3,3,6,0,0,0,1,0,0,0,52.54004732281648,13.405765035312614,0,1,6,0
2311,201514,6,19,3,3,5,3,0,0,1,0,0,0,0,52.52806437442298,13.40248741295142,0,1,2,0
2312,201517,6,18,3,3,1,5,0,0,1,0,0,0,0,52.531192720373106,13.40246532121884,0,1,5,0
2313,201518,6,19,6,3,5,2,0,1,1,0,0,0,0,52.526586910665294,13.398382761374785,0,1,2,0
2314,201519,6,19,6,3,0,1,1,1,0,0,0,0,0,52.56721440686802,13.411212084030952,1,0,1,0
2315,201520,6,18,3,3,5,3,0,0,1,0,0,0,0,52.50696702701587,13.39448101860882,0,1,2,0
2316,201521,6,19,6,3,6,4,0,1,0,0,0,1,0,52.54129863590086,13.409047927743291,0,1,4,0
2317,201523,6,17,3,3,5,3,0,0,1,0,0,0,0,52.51360527729762,13.337947692786365,0,1,2,0
2318,201525,6,18,6,3,1,5,0,0,1,0,0,0,1,52.52898647667201,13.385024438068438,0,1,5,0
2319,201526,6,18,6,3,0,1,0,0,0,0,0,0,0,52.56751251713485,13.467586834176332,1,0,1,0
2320,201529,6,17,6,3,0,1,0,0,0,0,0,0,0,52.49265703579246,13.396809370342849,1,0,1,0
2321,201530,6,17,3,3,0,5,0,0,1,0,0,0,1,52.50193096006621,13.408634217034152,0,1,5,0
2322,201533,6,17,3,3,2,6,0,0,1,0,0,0,0,52.51055972084497,13.42921316004807,0,1,6,0
2323,201534,6,18,6,2,0,1,0,0,0,0,0,0,0,52.44543359254318,13.382484193210585,1,0,1,0
2324,201541,6,16,3,3,5,3,0,0,1,0,0,0,0,52.49903603133266,13.395482006214895,0,1,2,0
2325,201545,6,10,6,3,5,7,0,0,0,0,0,0,1,52.532199168894394,13.425063024940894,0,1,7,0
2326,201548,6,16,3,3,5,2,0,0,1,0,0,0,0,52.592136235631656,13.326499243826255,0,1,2,0
2327,201550,6,14,6,3,5,2,0,0,1,0,0,0,0,52.48088285511725,13.451829436711874,0,1,2,0
2328,201552,6,13,6,3,1,5,0,0,1,0,0,0,1,52.53125605861278,13.382199031530412,0,1,5,0
2329,201557,6,12,3,3,3,6,0,0,1,0,0,0,0,52.497392465539896,13.384808751629516,0,1,6,0
2330,201560,6,13,2,3,1,5,0,0,1,0,0,0,0,52.52600902713144,13.465601478698359,0,1,5,0
2331,201562,6,11,2,3,6,4,0,0,0,0,0,1,0,52.53111552119196,13.385062023934456,0,1,4,0
2332,201569,6,10,2,3,2,3,0,0,1,0,0,0,0,52.48508168736855,13.330688535672856,0,1,2,0
2333,201570,6,16,5,2,5,3,0,0,1,0,0,0,0,52.634018562663485,13.280728456669884,0,1,2,0
2334,201571,6,17,5,3,0,5,0,0,1,0,0,0,0,52.5422159494595,13.48888218448783,0,1,5,0
2335,201572,6,7,2,3,5,3,0,0,1,0,0,0,0,52.552497753647735,13.427377495265253,0,1,2,0
2336,201575,6,7,2,3,6,4,0,0,0,0,0,1,0,52.450658263114,13.33467877024318,0,1,4,0
2337,201580,6,8,2,3,4,1,0,1,1,0,0,0,0,52.57584325614157,13.404623035270095,0,1,1,0
2338,201581,6,21,5,3,5,3,0,0,1,0,0,0,0,52.60997190403016,13.334580467350426,0,1,2,0
2339,201584,6,13,6,3,0,1,0,0,0,0,0,0,0,52.53253491601889,13.39823955953268,1,0,1,0
2340,201585,6,20,5,3,5,2,0,0,0,1,0,0,0,52.45736960088933,13.355731084265974,0,1,2,0
2341,201586,6,9,2,3,5,3,0,0,1,0,0,0,0,52.50838071278597,13.37761242934886,0,1,2,0
2342,201588,6,19,5,3,0,7,0,0,0,0,0,0,0,52.49591110008564,13.396073825132143,1,0,7,0
2343,201589,6,10,2,2,5,2,0,0,1,0,0,0,0,52.47438273222314,13.427616907175874,0,1,2,0
2344,201590,6,19,5,2,5,2,0,0,1,0,0,0,0,52.51963589352943,13.355498786748516,0,1,2,0
2345,201595,6,9,2,3,0,1,0,0,0,0,0,0,0,52.62227559208625,13.491391725707901,1,0,1,0
2346,201598,6,14,6,3,0,5,0,0,1,0,0,0,0,52.50417513524121,13.30383457146274,0,1,5,0
2347,201602,6,18,5,3,5,2,0,0,1,0,0,0,0,52.497334368820894,13.464855207590984,0,1,2,0
2348,201603,6,18,2,3,5,3,0,0,0,0,0,0,1,52.559726186419255,13.561393729210913,0,1,2,0
2349,201604,6,18,5,3,5,3,0,0,1,0,0,0,0,52.528506338952255,13.466792362562964,0,1,2,0
2350,201605,6,13,1,3,1,5,0,0,1,0,0,0,0,52.546055499949844,13.371260071800668,0,1,5,1
2351,201606,6,17,1,3,6,2,0,1,0,0,0,1,0,52.50043607895788,13.422413197562252,0,1,2,1
2352,201607,6,18,5,3,5,3,0,0,1,0,0,0,0,52.53895021676817,13.391896573075812,0,1,2,0
2353,201608,6,18,1,3,0,2,0,1,1,0,0,0,0,52.45066596726887,13.625406789305966,0,1,2,1
2354,201609,6,23,1,3,5,2,2,0,0,0,0,0,1,52.573656776518796,13.351813686401483,0,1,2,1
2355,201610,6,17,5,3,3,6,0,0,1,0,0,0,0,52.498852526731824,13.417522606869221,0,1,6,0
2356,201614,6,17,5,3,5,3,0,0,1,0,0,0,0,52.48690029348465,13.331207018133426,0,1,2,0
2357,201616,6,17,5,3,5,2,0,0,1,0,0,0,0,52.500562101562615,13.330976465239539,0,1,2,0
2358,201618,6,16,5,3,0,7,0,0,0,0,0,0,0,52.523411653520526,13.407243711754244,1,0,7,0
2359,201621,6,15,5,3,0,1,0,0,0,0,0,0,0,52.52112178792628,13.379883407368775,1,0,1,0
2360,201622,6,16,1,3,1,5,0,1,1,0,0,0,0,52.52485565587556,13.408039456891403,0,1,5,1
2361,201623,6,19,6,2,8,1,0,0,0,0,0,0,0,52.57775384839224,13.27583141613219,1,0,1,0
2362,201624,6,14,1,3,5,2,0,1,0,0,0,0,1,52.57778474799012,13.297267597081502,0,1,2,1
2363,201625,6,15,5,3,5,2,0,0,1,0,0,0,0,52.53979222707137,13.4014418703565,0,1,2,0
2364,201628,6,15,5,3,0,5,0,0,1,0,0,0,0,52.5476057081425,13.474811426009815,0,1,5,0
2365,201630,6,14,5,3,0,2,0,0,1,0,0,0,0,52.466095653181476,13.385438951379525,0,1,2,0
2366,201632,6,13,1,3,5,3,0,0,1,0,0,0,0,52.54198833254874,13.40806805444801,0,1,2,1
2367,201633,6,8,6,3,1,5,0,0,1,0,0,0,0,52.53255522877564,13.388696059772133,0,1,5,0
2368,201635,6,7,5,3,5,3,0,0,0,0,0,0,1,52.46094812010117,13.501940281738674,0,1,2,0
2369,201636,6,10,6,3,2,2,0,0,1,0,0,0,0,52.500045126550106,13.407884236964026,0,1,2,0
2370,201638,6,7,5,3,3,6,0,0,1,0,0,0,0,52.54465735133348,13.345983868310276,0,1,6,0
2371,201639,6,11,1,2,5,3,0,0,1,0,0,0,0,52.46946324742035,13.236237401444088,0,1,2,1
2372,201640,6,7,5,3,5,2,0,0,1,0,0,0,0,52.54768031392722,13.413128273558721,0,1,2,0
2373,201641,6,8,5,3,1,5,0,0,1,0,0,0,0,52.51323723078388,13.447248732479995,0,1,5,0
2374,201642,6,10,1,3,6,4,0,0,0,0,0,1,0,52.48942897052113,13.260472415820697,0,1,4,1
2375,201643,6,9,5,3,6,4,0,0,0,0,0,1,0,52.500052590514365,13.41840795955619,0,1,4,0
2376,201645,6,9,1,3,0,3,0,0,1,0,0,0,0,52.433933261043386,13.242550848912432,0,1,2,1
2377,201647,6,21,6,3,5,3,1,0,1,0,0,0,0,52.550226978772145,13.296409981883905,0,1,2,0
2378,201651,6,11,5,3,5,2,0,0,1,0,0,0,0,52.44826846624099,13.364034006722445,0,1,2,0
2379,201652,6,11,5,3,1,5,0,0,1,0,0,0,0,52.45399728874436,13.378239249185851,0,1,5,0
2380,201656,6,12,1,2,0,1,0,0,0,0,0,0,0,52.49987403504738,13.273501467435795,1,0,1,1
2381,201658,6,13,5,3,5,3,0,0,1,0,0,0,0,52.51369250970668,13.38646635308249,0,1,2,0
2382,201661,6,18,1,3,0,1,0,0,0,0,0,0,0,52.49916211762663,13.41959950807536,1,0,1,1
2383,201662,6,17,7,3,5,3,0,0,0,1,0,0,0,52.491801140929105,13.413056685051913,0,1,2,1
2384,201665,6,9,5,2,5,3,0,0,1,0,0,0,0,52.60769504000396,13.433555030426286,0,1,2,0
2385,201668,6,9,7,3,5,2,0,0,1,0,0,0,0,52.5154418762925,13.249447321538947,0,1,2,1
2386,201669,6,19,2,3,5,3,0,0,1,0,0,0,0,52.5274544664015,13.39292871953552,0,1,2,0
2387,201670,6,12,6,3,0,5,0,0,0,0,0,0,1,52.62791618267373,13.225790261195517,0,1,5,0
2388,201671,6,3,7,3,6,7,2,0,0,0,0,1,0,52.464346686721115,13.338960199757965,0,1,7,1
2389,201676,6,20,7,3,5,3,0,0,1,0,0,0,0,52.513431595793456,13.424420449204721,0,1,2,1
2390,201680,6,14,6,3,5,2,0,0,1,0,0,0,0,52.5353759291817,13.517760677442805,0,1,2,0
2391,201681,6,11,5,3,0,1,0,0,0,0,0,0,0,52.509138097912796,13.613583819969994,1,0,1,0
2392,201683,6,13,5,3,0,1,0,0,0,0,0,0,0,52.460149406899134,13.536037869497322,1,0,1,0
2393,201689,6,8,6,2,0,2,0,0,1,0,0,0,0,52.51242088006767,13.376981473410918,0,1,2,0
2394,201692,6,9,4,3,3,6,0,0,0,0,1,0,0,52.538863874888364,13.372035612057884,0,1,6,0
2395,201701,6,19,4,3,5,2,0,0,0,1,0,0,0,52.53790033500586,13.326298148497305,0,1,2,0
2396,201703,6,18,2,3,5,2,0,0,1,0,0,0,0,52.47157073014921,13.384572429582047,0,1,2,0
2397,201704,6,14,7,3,1,5,0,0,0,0,0,0,1,52.48653649499117,13.326164869367465,0,1,5,1
2398,201711,6,18,2,3,5,2,0,0,1,0,0,0,0,52.52563737620611,13.30597857177604,0,1,2,0
2399,201712,6,14,4,3,5,3,0,0,1,0,0,0,0,52.47900632104378,13.31419285106414,0,1,2,0
2400,201714,6,14,4,3,5,3,0,0,1,0,0,0,0,52.51145087013442,13.463126744040173,0,1,2,0
2401,201715,6,13,7,3,5,3,0,0,1,0,0,0,0,52.58627855414434,13.424618590897861,0,1,2,1
2402,201717,6,12,7,3,0,3,0,0,0,0,0,0,1,52.47786310922522,13.42878018306962,0,1,2,1
2403,201718,6,13,4,3,0,5,0,0,1,0,0,0,0,52.56526030344474,13.394731063950989,0,1,5,0
2404,201725,6,10,7,3,5,3,0,0,1,0,0,0,0,52.495524280090024,13.523013545759234,0,1,2,1
2405,201733,6,13,7,3,5,2,0,0,1,0,0,0,0,52.533136898625365,13.404310757641573,0,1,2,1
2406,201739,6,10,4,3,1,5,0,0,1,0,0,0,0,52.55165928833131,13.382725245843995,0,1,5,0
2407,201742,6,3,7,2,0,1,1,0,0,0,0,0,0,52.49935359444175,13.430368911835206,1,0,1,1
2408,201744,6,9,4,3,9,1,0,0,0,0,0,0,0,52.48241224794671,13.465266261981068,1,0,1,0
2409,201745,6,17,6,3,5,3,0,0,1,0,0,0,0,52.49307925798396,13.260847025609884,0,1,2,0
2410,201746,6,14,6,3,5,3,0,0,1,0,0,0,0,52.50528534172166,13.35224375797974,0,1,2,0
2411,201748,6,18,6,3,0,2,0,0,1,0,0,0,0,52.38959789322258,13.413865708032882,0,1,2,0
2412,201750,6,8,6,3,0,7,0,0,0,0,0,0,0,52.43214485532084,13.310360442531927,1,0,7,0
2413,201752,6,12,6,3,5,3,0,0,1,0,0,0,0,52.47156028634797,13.385765313376064,0,1,2,0
2414,201755,6,18,6,3,5,7,0,0,1,0,0,0,0,52.462975128205976,13.348290523689249,0,1,7,0
2415,201761,6,17,6,3,3,6,0,0,1,0,0,0,0,52.48549368557164,13.284200842288987,0,1,6,0
2416,201762,6,16,6,3,0,2,0,0,1,0,0,0,0,52.44440102128934,13.29513046566567,0,1,2,0
2417,201763,6,7,4,1,5,2,0,0,0,0,1,0,0,52.534130119166576,13.181698501713988,0,1,2,0
2418,201766,6,18,2,2,1,5,0,0,1,0,0,0,0,52.551797383563326,13.382810981925992,0,1,5,0
2419,201767,6,15,3,3,1,5,0,0,1,0,0,0,0,52.48479330620798,13.33319071381974,0,1,5,0
2420,201768,6,20,6,3,1,5,1,0,1,0,0,0,0,52.514171442480745,13.431597287126305,0,1,5,0
2421,201769,6,15,3,3,5,2,0,0,1,0,0,0,0,52.522933896862256,13.329846326360155,0,1,2,0
2422,201770,6,16,6,3,5,2,0,0,1,0,0,0,0,52.47108865133347,13.452126208039243,0,1,2,0
2423,201773,6,16,6,3,6,4,0,0,0,0,0,1,0,52.45549858917208,13.317175218062903,0,1,4,0
2424,201775,6,20,6,3,1,5,0,0,1,0,0,0,0,52.49815314946,13.349320856706266,0,1,5,0
2425,201780,6,17,2,3,3,6,0,0,1,0,0,0,0,52.53524607409936,13.356005404858479,0,1,6,0
2426,201782,6,21,6,3,5,3,0,0,1,0,0,0,0,52.53407736080715,13.405187712354653,0,1,2,0
2427,201784,6,16,2,3,5,2,0,0,1,0,0,0,0,52.54242352815969,13.489291160013526,0,1,2,0
2428,201786,6,15,6,2,5,3,0,0,1,0,0,0,0,52.479708836200686,13.285128504701344,0,1,2,0
2429,201787,6,13,3,3,0,5,0,0,1,0,0,0,0,52.49973570249832,13.4181759994339,0,1,5,0
2430,201791,6,15,6,3,0,6,0,0,0,0,0,0,1,52.532492364864474,13.39743756399202,0,1,6,0
2431,201793,6,13,6,3,5,3,0,0,1,0,0,0,0,52.447483482351856,13.575495021200444,0,1,2,0
2432,201795,6,14,6,3,1,5,0,0,1,0,0,0,0,52.55291876926258,13.382265643836565,0,1,5,0
2433,201797,6,16,2,3,8,1,0,0,0,0,0,0,0,52.50570458837655,13.325645167254596,1,0,1,0
2434,201799,6,16,3,3,5,5,0,0,1,0,0,0,0,52.50191114486706,13.313231460709634,0,1,5,0
2435,201805,6,15,6,2,3,6,0,0,0,1,0,0,0,52.46573503020305,13.389217073103767,0,1,6,0
2436,201806,6,16,2,3,5,2,0,0,1,0,0,0,0,52.53542344105835,13.390189775550114,0,1,2,0
2437,201808,6,17,3,3,5,2,0,0,1,0,0,0,0,52.43116391348916,13.1853958608756,0,1,2,0
2438,201810,6,17,3,3,5,2,0,0,0,0,1,0,0,52.46899257507342,13.491178134748044,0,1,2,0
2439,201812,6,17,3,3,5,3,0,0,1,0,0,0,0,52.5279708007257,13.572772268689905,0,1,2,0
2440,201816,6,18,3,2,5,3,0,0,1,0,0,0,0,52.540163238518495,13.379368324862511,0,1,2,0
2441,201819,6,12,3,3,5,2,0,0,0,0,0,0,1,52.50003331058689,13.306821211755947,0,1,2,0
2442,201821,6,15,6,3,0,3,0,0,0,0,0,0,1,52.41790772422786,13.305064226564715,0,1,2,0
2443,201822,6,11,3,3,1,7,0,0,1,0,0,0,0,52.421020681793095,13.541140776317382,0,1,7,0
2444,201825,6,11,3,2,3,6,0,0,1,0,0,0,0,52.4958506618736,13.396671657174672,0,1,6,0
2445,201829,6,14,2,3,5,2,0,0,1,0,0,0,0,52.529031942516355,13.457776091025126,0,1,2,0
2446,201833,6,7,6,3,3,6,0,0,1,0,0,0,0,52.52400408601861,13.409986283173351,0,0,6,0
2447,201836,6,13,6,3,5,2,0,0,1,0,0,0,0,52.5106786870436,13.314478412971521,0,1,2,0
2448,201840,6,12,6,3,5,3,0,0,1,0,0,0,0,52.552123211341076,13.365701167196779,0,1,2,0
2449,201842,6,12,6,3,5,7,0,0,0,0,0,0,0,52.565889903755476,13.32882496301661,1,0,7,0
2450,201844,6,7,3,2,1,5,0,0,1,0,0,0,0,52.573216422930145,13.230794651672456,0,1,5,0
2451,201846,6,8,3,3,1,5,0,0,1,0,0,0,0,52.5946847507125,13.356297045631932,0,1,5,0
2452,201850,6,12,6,2,5,2,0,0,1,0,0,0,0,52.524224983324565,13.342541195578097,0,1,2,0
2453,201856,6,11,6,3,5,2,0,0,1,0,0,0,0,52.453619637852036,13.377146023236588,0,1,2,0
2454,201858,6,10,6,3,5,3,0,0,1,0,0,0,0,52.47250631419898,13.379250938102148,0,1,2,0
2455,201860,6,7,3,3,5,3,0,0,1,0,0,0,0,52.42171741839473,13.461610992259464,0,1,2,0
2456,201862,6,6,3,3,0,2,0,0,1,0,0,0,0,52.55647224651634,13.528963508360903,0,1,2,0
2457,201863,6,9,6,3,5,2,0,0,1,0,0,0,0,52.53803430939674,13.373231931380866,0,1,2,0
2458,201864,6,6,3,3,5,2,0,0,1,0,0,0,0,52.51113110678467,13.371231766469377,0,1,2,0
2459,201865,6,6,3,2,8,1,0,0,0,0,0,0,0,52.43636881020786,13.543872095989368,1,0,1,0
2460,201866,6,9,6,3,5,2,0,0,0,0,1,0,0,52.430662279330214,13.266619168424079,0,1,2,0
2461,201867,6,18,3,1,5,2,0,0,0,0,0,0,1,52.483531155600346,13.502371094716613,0,1,2,0
2462,201868,6,16,2,3,5,2,0,0,1,0,0,0,0,52.41682861473723,13.265613925006061,0,1,2,0
2463,201872,6,7,6,2,0,6,0,0,0,0,0,0,1,52.502089611151284,13.509423112330222,0,1,6,0
2464,201875,6,18,2,3,5,2,0,0,0,0,1,0,0,52.491375579384936,13.394393137535994,0,1,2,0
2465,201877,6,8,2,3,5,2,0,0,1,0,0,0,0,52.56801532844994,13.31196153818666,0,1,2,0
2466,201879,6,12,6,3,2,7,0,0,1,0,0,0,0,52.5104095118605,13.437055965281402,0,1,7,0
2467,201880,6,7,6,3,5,2,0,0,1,0,0,0,0,52.51229341867806,13.314810173223592,0,1,2,0
2468,201882,6,7,6,3,5,2,0,0,1,0,0,0,0,52.56524897297317,13.444445216806741,0,1,2,0
2469,201884,6,6,6,2,5,2,0,0,1,0,0,0,0,52.50629917878985,13.332325955657325,0,1,2,0
2470,201889,6,23,5,3,2,7,2,0,0,0,0,0,0,52.52326260943637,13.342193826274706,1,0,7,0
2471,201892,6,18,5,3,5,3,0,0,1,0,0,0,0,52.52796975457474,13.374324713068027,0,1,2,0
2472,201893,6,20,2,3,1,5,0,0,1,0,0,0,0,52.5327366593683,13.149024598000116,0,1,5,0
2473,201894,6,8,5,3,3,6,0,0,1,0,0,0,0,52.488296305083196,13.513173726768168,0,0,6,0
2474,201899,6,16,3,3,6,7,0,0,0,0,0,1,0,52.537192723787754,13.205717204327273,0,1,7,0
2475,201900,6,12,6,3,5,5,0,1,0,0,0,0,1,52.47964430892148,13.311280592111011,0,1,5,0
2476,201901,6,16,3,3,3,6,0,0,1,0,0,0,0,52.5032393469389,13.338746193729966,0,1,6,0
2477,201906,6,16,3,3,5,3,0,0,1,0,0,0,0,52.441036523660536,13.264764043907954,0,1,2,0
2478,201909,6,16,3,3,4,6,0,0,1,0,0,0,0,52.49335693347735,13.426283963195234,0,1,6,0
2479,201912,6,16,3,3,5,2,0,0,1,0,0,0,0,52.483549069330685,13.320069483489164,0,1,2,0
2480,201913,6,8,6,3,5,2,0,0,1,0,0,0,0,52.4308409087224,13.278887722311692,0,1,2,0
2481,201916,6,8,6,3,5,2,0,0,1,0,0,0,0,52.5252104817876,13.337773170397305,0,1,2,0
2482,201920,6,17,3,3,3,7,0,0,0,0,0,0,0,52.52813915170397,13.453974822230773,1,0,7,0
2483,201924,6,12,1,3,5,3,0,1,1,0,0,0,0,52.51585596153722,13.44041795500133,0,1,2,1