Unnamed: 0,OBJECTID,UMONAT,USTUNDE,UWOCHENTAG,UKATEGORIE,UART,UTYP1,ULICHTVERH,STRZUSTAND,IstPKW,IstKrad,IstGkfz,IstFuss,IstSonstige,lat,lon,alone,not_alone,UTYP2,weekend
2484,201925,6,17,7,3,5,3,0,0,0,0,0,0,1,52.528587037664174,13.39376306500216,0,1,2,1
2485,201927,6,17,3,3,5,2,0,0,1,0,0,0,0,52.52612822650109,13.547941808726055,0,1,2,0
2486,201933,6,21,6,3,1,5,0,0,1,0,0,0,0,52.550283143523046,13.452432575008569,0,1,5,0
2487,201936,6,13,3,3,2,6,0,0,1,0,0,0,0,52.49320306836586,13.422068529346745,0,1,6,0
2488,201938,6,18,6,3,5,3,0,0,1,0,0,0,0,52.447483446019795,13.575495958405984,0,1,2,0
2489,201940,6,12,3,3,5,3,0,0,0,0,0,0,0,52.523543632114105,13.401603220219414,1,0,2,0
2490,201944,6,18,6,3,5,2,0,0,1,0,0,0,0,52.49812377350444,13.42146915460804,0,1,2,0
2491,201948,6,16,6,2,6,4,0,0,0,0,0,1,0,52.52904997424582,13.343188484227905,0,1,4,0
2492,201950,6,11,3,3,5,3,0,0,1,0,0,0,0,52.49902560875059,13.395846434268847,0,1,2,0
2493,201952,6,11,3,3,1,5,0,0,1,0,0,0,0,52.50026611695299,13.443496239712536,0,1,5,0
2494,201953,6,1,6,3,9,1,2,0,0,0,0,0,0,52.540476950694895,13.403877548302633,1,0,1,0
2495,201955,6,7,6,3,0,1,0,0,0,0,0,0,0,52.529476142396156,13.140088154812775,1,0,1,0
2496,201959,6,10,3,3,5,5,0,0,1,0,0,0,0,52.45971196489798,13.326630600193946,0,1,5,0
2497,201961,6,9,3,3,1,5,0,0,1,0,0,0,0,52.48841737569718,13.356992439533661,0,1,5,0
2498,201965,6,8,3,3,0,5,0,0,1,0,0,0,1,52.5101324859361,13.403175174365535,0,1,5,0
2499,201967,6,8,3,3,5,3,0,0,1,0,0,0,0,52.48527556880017,13.284256226596833,0,1,2,0
2500,201971,6,14,6,3,1,5,0,0,1,0,0,0,0,52.48519745285409,13.341093492499333,0,1,5,0
2501,201972,6,8,3,3,5,3,0,0,1,0,0,0,0,52.53663382953866,13.418215098719536,0,1,2,0
2502,201973,6,13,6,3,1,5,0,1,1,0,0,0,0,52.468058870517254,13.331539448218978,0,1,5,0
2503,201975,6,8,3,3,5,7,0,0,1,0,0,0,0,52.46428462657322,13.44357617233488,0,1,7,0
2504,201978,6,7,3,3,2,6,0,0,1,0,0,0,0,52.48775282035403,13.37555247064941,0,1,6,0
2505,201979,6,13,6,3,5,7,0,0,1,0,0,0,0,52.49608491764659,13.334585058735698,0,1,7,0
2506,201981,6,7,3,3,1,5,0,0,1,0,0,0,0,52.497830317548,13.352121764562405,0,1,5,0
2507,201986,6,7,3,3,5,3,0,0,1,0,0,0,0,52.47020521665834,13.349090590679314,0,1,2,0
2508,201987,6,15,5,3,5,3,0,0,0,0,0,0,1,52.423080987709945,13.3733309415287,0,1,2,0
2509,201988,6,14,5,3,5,3,0,1,1,0,0,0,0,52.50151011191468,13.319361109287419,0,1,2,0
2510,201990,6,15,5,3,0,5,0,0,0,0,0,0,1,52.52173148216213,13.400542897381346,0,1,5,0
2511,201992,6,22,3,3,6,4,2,0,0,0,0,1,0,52.55850617402811,13.386209690351036,0,1,4,0
2512,201995,6,21,3,3,5,2,1,0,1,0,0,0,0,52.50311363073936,13.365584816572273,0,1,2,0
2513,201996,6,21,5,3,0,1,1,0,0,0,0,0,0,52.521011444276645,13.429641490715992,1,0,1,0
2514,201997,6,20,5,3,5,3,1,0,1,0,0,0,0,52.525230282023,13.413084194867539,0,1,2,0
2515,201998,6,19,3,3,3,6,0,0,1,0,0,0,0,52.4962165556765,13.359448004952045,0,1,6,0
2516,202001,6,19,5,3,6,4,0,0,0,0,0,1,0,52.49731588693678,13.505308709034741,0,1,4,0
2517,202002,6,19,3,3,5,2,0,0,1,0,0,0,0,52.514742548314345,13.389058384950554,0,1,2,0
2518,202003,6,18,5,3,5,3,0,0,1,0,0,0,0,52.54253522592729,13.60378172423936,0,1,2,0
2519,202005,6,18,5,3,3,6,0,0,1,0,0,0,0,52.53867521869361,13.157044356417822,0,1,6,0
2520,202006,6,18,3,3,1,5,0,0,1,0,0,0,0,52.49743376475024,13.29220421979333,0,1,5,0
2521,202007,6,17,5,3,5,2,0,0,1,0,0,0,0,52.52741360531631,13.403136693136739,0,1,2,0
2522,202009,6,17,3,3,1,5,0,0,1,0,0,0,0,52.48152621196357,13.439590780960625,0,1,5,0
2523,202010,6,17,5,3,5,3,0,0,1,0,0,0,0,52.51556666133074,13.450567212316914,0,1,2,0
2524,202014,6,15,3,2,0,1,0,0,0,0,0,0,0,52.46237480593806,13.514338258360992,1,0,1,0
2525,202015,6,22,1,3,5,3,2,1,1,0,0,0,0,52.51712135937869,13.412434718621563,0,1,2,1
2526,202018,6,13,3,3,0,1,0,0,0,0,0,0,0,52.53408499661799,13.405194854673411,1,0,1,0
2527,202020,6,16,3,3,0,1,0,0,0,0,0,0,0,52.44359345230149,13.593515975656755,1,0,1,0
2528,202022,6,16,5,3,5,2,0,1,1,0,0,0,0,52.61380861237196,13.313108800551085,0,1,2,0
2529,202023,6,8,2,3,5,2,0,0,1,0,0,0,0,52.546360442537534,13.438063937122955,0,1,2,0
2530,202025,6,15,5,2,5,2,0,1,0,0,0,0,1,52.551883464100115,13.516109860418027,0,1,2,0
2531,202026,6,6,2,3,2,6,0,0,1,0,0,0,0,52.505899693524896,13.623355151311493,0,1,6,0
2532,202034,6,15,5,3,5,2,0,1,1,0,0,0,0,52.49130491079846,13.386696288175314,0,1,2,0
2533,202035,6,18,2,3,0,7,0,0,0,0,0,0,0,52.526082891687814,13.457573300654929,1,0,7,0
2534,202037,6,15,5,3,5,2,0,1,1,0,0,0,0,52.545513532834704,13.427927123227837,0,1,2,0
2535,202043,6,16,2,3,5,3,0,0,1,0,0,0,0,52.5103989122245,13.351082145490745,0,1,2,0
2536,202044,6,15,5,3,5,2,0,1,1,0,0,0,0,52.52900885317556,13.377736595335405,0,1,2,0
2537,202047,6,16,2,3,5,3,0,0,1,0,0,0,0,52.43595002260274,13.53009980096034,0,1,2,0
2538,202049,6,16,2,3,1,5,0,0,1,0,0,0,0,52.45086571725703,13.33486364698683,0,1,5,0
2539,202053,6,14,5,3,0,1,0,1,0,0,0,0,0,52.53024589736169,13.391651521726473,1,0,1,0
2540,202054,6,15,2,3,5,3,0,0,1,0,0,0,0,52.414716614393576,13.4021763357499,0,1,2,0
2541,202055,6,14,5,3,0,2,0,1,1,0,0,0,0,52.48481395228226,13.433622964920776,0,1,2,0
2542,202056,6,14,5,3,1,5,0,0,1,0,0,0,0,52.45506058958108,13.632864315388607,0,1,5,0
2543,202060,6,13,5,3,0,1,0,1,0,0,0,0,0,52.43949420222167,13.404754469491177,1,0,1,0
2544,202061,6,15,2,2,5,3,0,0,0,0,0,0,1,52.42133361241808,13.250016502471686,0,1,2,0
2545,202066,6,13,5,3,5,3,0,0,1,0,0,0,0,52.42422960614728,13.473528457471593,0,1,2,0
2546,202068,6,15,2,3,5,2,0,0,1,0,0,0,0,52.54224757612961,13.349466152305355,0,1,2,0
2547,202071,6,7,2,3,5,3,0,0,0,0,0,0,1,52.50218572542594,13.503075955911243,0,1,2,0
2548,202072,6,10,5,2,5,3,0,0,0,0,0,0,1,52.45312604660053,13.336369107050883,0,1,2,0
2549,202074,6,8,2,2,5,2,0,0,0,0,0,0,0,52.53369455490322,13.420721869515244,1,0,2,0
2550,202077,6,10,5,3,1,1,0,0,1,0,0,0,0,52.48963212394539,13.311958416755015,0,1,1,0
2551,202079,6,10,5,3,5,2,0,0,0,0,0,0,1,52.55543822251619,13.391527554518225,0,1,2,0
2552,202082,6,9,5,3,6,7,0,0,0,0,0,1,0,52.59439617736087,13.296696621661827,0,1,7,0
2553,202083,6,10,2,3,6,7,0,0,0,0,0,1,0,52.512824341495715,13.281196852153835,0,1,7,0
2554,202089,6,8,5,3,5,3,0,0,1,0,0,0,0,52.447482278489936,13.575526191448546,0,1,2,0
2555,202090,6,14,2,3,0,1,0,0,0,0,0,0,0,52.52841607465388,13.409152965636482,1,0,1,0
2556,202092,6,7,2,3,0,7,0,1,0,0,0,0,0,52.53167806500039,13.21376342233404,1,0,7,0
2557,202093,6,8,5,3,5,2,0,0,1,0,0,0,0,52.52875668614136,13.595332636895034,0,1,2,0
2558,202094,6,2,2,3,0,1,2,0,0,0,0,0,0,52.50962895424243,13.421054259312301,1,0,1,0
2559,202097,6,14,2,3,5,2,0,0,0,0,0,0,1,52.530331524461495,13.296005774915335,0,1,2,0
2560,202098,6,7,5,3,5,2,0,0,1,0,0,0,0,52.544359918800794,13.360336587223824,0,1,2,0
2561,202100,6,7,5,3,5,3,0,0,1,0,0,0,0,52.64070417823586,13.497783541610632,0,1,2,0
2562,202104,6,8,5,3,6,4,0,0,0,0,0,1,0,52.50240065509494,13.415782057651455,0,1,4,0
2563,202110,6,20,1,3,5,3,0,0,1,0,0,0,0,52.55055518858917,13.378287975036134,0,1,2,1
2564,202111,6,8,5,3,5,3,0,0,1,0,0,0,0,52.54950170931196,13.44128160361068,0,1,2,0
2565,202112,6,19,1,3,5,3,0,0,1,0,0,0,0,52.47190702058936,13.429053308172278,0,1,2,1
2566,202113,6,19,1,3,5,2,0,0,1,0,0,0,0,52.54264376390173,13.366003071027725,0,1,2,1
2567,202114,6,15,4,3,2,2,0,0,1,1,0,0,0,52.529643102369,13.401562941594491,0,1,2,0
2568,202118,6,19,4,2,5,3,0,0,0,0,0,0,0,52.553163362840316,13.431130378370874,1,0,2,0
2569,202120,6,19,4,3,6,4,0,0,0,0,0,1,0,52.5479682325397,13.445999968481658,0,1,4,0
2570,202121,6,17,1,3,0,2,0,0,1,0,0,0,0,52.5610222103639,13.33320868368274,0,1,2,1
2571,202125,6,16,1,3,5,2,0,0,0,0,0,0,0,52.45487544494182,13.189619959595387,1,0,2,1
2572,202127,6,16,1,2,1,5,0,0,1,0,0,0,0,52.5127111712059,13.45812563467867,0,1,5,1
2573,202128,6,19,4,3,5,3,0,0,1,0,0,0,0,52.51297041807489,13.286818448869186,0,1,2,0
2574,202132,6,13,2,3,1,5,0,0,1,0,0,0,0,52.41904604888338,13.497626391822527,0,1,5,0
2575,202138,6,18,4,2,5,3,0,0,1,0,0,0,0,52.397256192799475,13.383319887311687,0,1,2,0
2576,202139,6,15,1,3,5,2,0,0,1,0,0,0,0,52.540450702126854,13.380046903365312,0,1,2,1
2577,202140,6,17,4,2,0,3,0,0,0,1,0,0,0,52.42224866985786,13.349884141582027,0,1,2,0
2578,202141,6,14,1,3,5,3,0,0,1,0,0,0,0,52.43923653552686,13.34359207429066,0,1,2,1
2579,202145,6,14,1,3,5,3,0,0,1,0,0,0,0,52.54646613248643,13.466416529880965,0,1,2,1
2580,202148,6,17,4,3,2,6,0,0,1,0,0,0,0,52.5656395858701,13.40124064342877,0,1,6,0
2581,202150,6,17,4,3,5,2,0,0,1,0,0,0,0,52.483035161426926,13.50142030049492,0,1,2,0
2582,202154,6,17,4,3,5,2,0,0,1,0,0,0,0,52.515391340714466,13.403934088713205,0,1,2,0
2583,202157,6,17,4,3,0,2,0,0,0,0,0,0,1,52.52669234942285,13.458794676790347,0,1,2,0
2584,202158,6,12,1,3,0,1,0,0,0,0,0,0,0,52.58959636877135,13.387581476519976,1,0,1,1
2585,202162,6,7,1,3,5,3,0,0,1,0,0,0,0,52.55803343838459,13.365569312805775,0,1,2,1
2586,202166,6,16,4,3,5,3,0,0,1,0,0,0,0,52.515633893178226,13.389131099490195,0,1,2,0
2587,202167,6,0,1,3,1,5,2,0,1,0,0,0,0,52.59242075064022,13.260695712241453,0,1,5,1
2588,202170,6,15,1,3,1,5,0,0,1,0,0,0,0,52.51291533529736,13.266665630310275,0,1,5,1
2589,202172,6,13,7,3,1,5,0,0,1,0,0,0,0,52.45054978054149,13.629202839111366,0,1,5,1
2590,202175,6,10,7,3,1,3,0,0,1,0,0,0,0,52.46089509568484,13.531259287190919,0,1,2,1
2591,202182,6,23,7,3,6,4,2,0,0,0,0,1,0,52.49181847156118,13.432911716715676,0,1,4,1
2592,202183,6,21,1,2,0,1,2,0,0,0,0,0,0,52.53207888902648,13.392844779628058,1,0,1,1
2593,202185,6,21,7,3,0,1,0,0,0,0,0,0,0,52.60326692761768,13.309021382642712,1,0,1,1
2594,202187,6,20,7,3,5,7,1,0,1,0,0,0,0,52.52247603699647,13.38778472006625,0,1,7,1
2595,202189,6,20,7,3,5,3,0,0,0,1,0,0,0,52.493899292033475,13.403680272619535,0,1,2,1
2596,202190,6,12,4,3,5,7,0,0,1,0,0,0,0,52.498139910002614,13.290361790529586,0,1,7,0
2597,202192,6,13,4,3,5,3,0,0,1,0,0,0,0,52.50419341321614,13.561489452565635,0,1,2,0
2598,202197,6,18,7,3,5,2,0,0,1,0,0,0,0,52.501133777235715,13.423669870093182,0,1,2,1
2599,202199,6,9,6,3,5,2,0,0,1,0,0,0,0,52.53247861761986,13.3505181365285,0,1,2,0
2600,202200,6,13,4,3,5,3,0,0,1,0,0,0,0,52.53880785553303,13.451198747686286,0,1,2,0
2601,202202,6,12,4,2,5,2,0,0,1,0,1,0,0,52.49146727707382,13.376740518470907,0,1,2,0
2602,202204,6,14,1,3,5,3,0,0,1,0,0,0,0,52.62050119563379,13.49010501578068,0,1,2,1
2603,202208,6,11,4,3,5,2,0,0,0,0,0,0,1,52.51929383903094,13.355381401052446,0,1,2,0
2604,202213,6,13,7,2,1,5,0,0,1,0,0,0,0,52.56929355220819,13.379261788604696,0,1,5,1
2605,202219,6,10,4,3,5,3,0,0,1,0,0,0,0,52.5786792723621,13.444667351481238,0,1,2,0
2606,202220,6,10,4,3,5,2,0,0,1,0,0,0,0,52.46797094460781,13.3351651183921,0,1,2,0
2607,202223,6,9,4,3,1,5,0,0,1,0,0,0,0,52.52622310236593,13.398540067437976,0,1,5,0
2608,202224,6,11,7,3,5,2,0,0,1,0,0,0,0,52.43853246391848,13.597927567688325,0,1,2,1
2609,202227,6,8,4,3,5,2,0,0,1,0,0,0,0,52.45260038466843,13.438701291111153,0,1,2,0
2610,202228,6,10,7,3,6,7,0,0,0,0,0,1,0,52.53368199300188,13.485604347877276,0,1,7,1
2611,202229,6,18,4,3,0,1,0,0,0,0,0,0,0,52.52418064954232,13.402831413345568,1,0,1,0
2612,202230,6,10,7,3,1,5,0,0,1,0,0,0,0,52.566842558317965,13.410166817033431,0,1,5,1
2613,202231,6,9,7,2,1,5,0,0,1,0,0,0,0,52.50078767739211,13.421108268064673,0,1,5,1
2614,202232,6,8,4,3,1,5,0,0,1,0,0,0,0,52.52834012751834,13.380023456442098,0,1,5,0
2615,202233,6,8,4,3,5,5,0,0,1,0,0,0,0,52.453459334503314,13.507072860544401,0,1,5,0
2616,202237,6,19,1,2,5,3,1,1,1,0,0,0,0,52.47755198518505,13.426006313029433,0,1,2,1
2617,202238,6,22,7,3,5,3,2,1,1,0,0,0,0,52.48825961203122,13.364152648497946,0,1,2,1
2618,202239,6,15,6,3,2,6,0,0,1,0,0,0,0,52.49785382289773,13.322431416786019,0,1,6,0
2619,202241,6,0,6,3,1,5,2,0,1,0,0,0,0,52.50086956561076,13.441116996589287,0,1,5,0
2620,202243,6,8,2,3,5,2,0,0,0,0,0,0,1,52.47929272860077,13.310629100490385,0,1,2,0
2621,202245,6,15,3,3,5,2,0,0,1,0,0,0,0,52.54965223231187,13.200635151421265,0,1,2,0
2622,202246,6,17,6,3,5,2,0,0,1,0,0,0,0,52.49511056261801,13.310769318944919,0,1,2,0
2623,202247,6,17,6,3,5,3,0,0,1,0,0,0,0,52.445698175946426,13.564255842073695,0,1,2,0
2624,202248,6,9,3,3,1,6,0,0,1,0,0,0,1,52.48892170905863,13.409048563266294,0,1,6,0
2625,202250,6,14,3,2,2,2,0,0,0,0,1,0,0,52.51648288441499,13.385862995907052,0,1,2,0
2626,202252,6,15,3,3,5,3,0,0,1,0,0,0,0,52.43514017715421,13.305551030097115,0,1,2,0
2627,202255,6,16,3,2,5,3,0,0,1,0,0,0,0,52.44443880446043,13.593790767496648,0,1,2,0
2628,202260,6,12,6,3,5,2,0,0,1,0,0,0,0,52.52395739553553,13.411503517996106,0,1,2,0
2629,202261,6,9,5,3,5,2,0,0,0,0,0,0,1,52.476846145994905,13.28109487175427,0,1,2,0
2630,202262,7,4,2,2,0,1,1,0,0,0,0,0,0,52.53220724301156,13.39364231496334,1,0,1,0
2631,202264,6,9,6,3,5,3,0,0,1,0,0,0,0,52.45201097654919,13.250385465697224,0,1,2,0
2632,202266,6,22,5,3,6,4,2,0,0,0,0,1,0,52.51624438069578,13.310009954582007,0,1,4,0
2633,202268,6,16,6,3,5,2,0,0,1,0,0,0,0,52.48708070921463,13.46447921812902,0,1,2,0
2634,202270,6,20,5,3,5,5,0,0,1,0,0,0,0,52.53493992782256,13.416513849672187,0,1,5,0
2635,202274,6,19,5,3,5,3,0,0,1,0,0,0,0,52.52032963275138,13.468836293976429,0,1,2,0
2636,202275,6,10,6,3,5,3,0,0,1,0,0,0,0,52.44635628132711,13.288384622184868,0,1,2,0
2637,202276,6,8,5,3,5,3,0,0,1,0,0,0,0,52.439036918842646,13.564159266040662,0,1,2,0
2638,202277,7,18,1,3,5,2,0,0,1,0,0,0,0,52.490516336476155,13.400379182430225,0,1,2,1
2639,202279,6,9,6,3,5,3,0,0,1,0,0,0,0,52.537768520561656,13.269218876542327,0,1,2,0
2640,202280,6,18,7,3,5,2,0,0,1,0,0,0,0,52.42701561096424,13.446756124716687,0,1,2,1
2641,202281,6,13,5,3,0,6,0,0,1,0,0,0,0,52.481403220547456,13.35992201208348,0,1,6,0
2642,202282,6,7,5,3,6,4,0,0,0,0,0,1,0,52.494154710189115,13.362940413884996,0,1,4,0
2643,202284,6,2,5,3,5,2,2,0,1,0,0,0,0,52.4992787279337,13.42659682362374,0,1,2,0
2644,202285,7,16,2,3,0,1,0,0,0,0,0,0,0,52.53258963924248,13.398783272805106,1,0,1,0
2645,202286,6,19,5,3,5,2,0,0,1,0,0,0,0,52.48322279790746,13.320532201151135,0,1,2,0
2646,202288,6,18,5,2,2,2,0,0,1,0,0,0,0,52.50742326665335,13.428287890914426,0,1,2,0
2647,202291,6,13,7,2,5,3,0,0,1,0,0,0,0,52.514175488333436,13.266949044929824,0,1,2,1
2648,202292,6,18,5,3,5,2,0,0,1,0,0,0,0,52.429179898566076,13.550675354452224,0,1,2,0
2649,202296,6,17,5,3,5,3,0,0,0,0,0,0,0,52.44403566680165,13.346096721456457,1,0,2,0
2650,202298,6,8,5,3,5,3,0,0,1,0,0,0,0,52.48427002252265,13.511394001557564,0,1,2,0
2651,202302,6,10,7,2,0,2,0,0,0,0,0,0,1,52.421876008609715,13.179667769733813,0,1,2,1
2652,202307,6,15,5,3,1,5,0,0,1,0,0,0,0,52.584650965561174,13.276138281449173,0,1,5,0
2653,202311,7,8,2,2,5,2,0,0,1,0,0,0,0,52.50978760811573,13.363033906290722,0,1,2,0
2654,202315,6,8,5,3,3,6,0,0,1,0,0,0,0,52.63227072335161,13.501164364650323,0,1,6,0
2655,202316,6,4,7,3,1,5,0,0,1,0,0,0,0,52.50898580340493,13.298393239008204,0,1,5,1
2656,202318,6,14,5,3,5,3,0,0,1,0,0,0,0,52.494521564991544,13.301844285749533,0,1,2,0
2657,202323,6,8,6,3,5,2,0,0,0,0,1,0,0,52.498005194212595,13.296229563616006,0,1,2,0
2658,202325,6,13,5,3,3,6,0,0,0,0,0,0,1,52.5277393653062,13.325454554625376,0,1,6,0
2659,202326,6,17,6,3,5,2,0,0,1,0,0,0,0,52.51784044032985,13.341961878247199,0,1,2,0
2660,202327,6,22,7,3,6,7,1,0,0,0,0,1,0,52.499027901448144,13.420715668626961,0,1,7,1
2661,202331,6,7,5,3,0,1,0,0,0,0,0,0,0,52.60534769448743,13.314259690901284,1,0,1,0
2662,202332,6,12,5,3,1,5,0,0,1,0,0,0,0,52.4353706134939,13.192366244568632,0,1,5,0
2663,202333,6,8,5,3,1,5,0,0,1,0,0,0,0,52.49570455788528,13.305817978646743,0,1,5,0
2664,202335,6,9,5,2,2,2,0,0,1,0,0,0,0,52.4465524435659,13.616801981669875,0,1,2,0
2665,202336,6,8,6,3,5,3,0,0,0,0,0,0,0,52.4989515852003,13.357210787384794,1,0,2,0
2666,202340,6,20,6,2,5,3,0,0,1,0,0,0,0,52.49096343490322,13.416456374270565,0,1,2,0
2667,202343,6,19,4,3,5,2,0,0,0,0,0,0,0,52.4882352192267,13.313942760299922,1,0,2,0
2668,202345,6,7,4,3,7,7,0,0,0,0,0,0,0,52.47427072024409,13.330373063497248,1,0,7,0
2669,202346,6,18,4,3,2,6,0,0,1,0,0,0,0,52.48324507565209,13.501254520411791,0,1,6,0
2670,202351,6,16,7,3,3,6,0,0,1,0,0,0,0,52.48774352104274,13.354469701618893,0,1,6,1
2671,202352,6,20,4,3,2,2,0,0,1,0,0,0,0,52.41549768595596,13.65597285003821,0,1,2,0
2672,202356,6,20,4,3,5,7,0,0,1,0,0,0,0,52.42475987301923,13.486416890903465,0,1,7,0
2673,202357,6,7,6,3,3,6,0,0,1,0,0,0,0,52.484232360430795,13.508074163279447,0,1,6,0
2674,202358,7,13,1,2,0,2,0,0,1,0,0,0,0,52.573586969688165,13.567969787614446,0,1,2,1
2675,202359,6,20,4,3,3,6,0,0,1,0,0,0,0,52.48222359594228,13.333241653608036,0,1,6,0
2676,202363,6,12,7,3,5,7,0,0,1,0,0,0,0,52.46865768937126,13.344002768795207,0,1,7,1
2677,202365,6,14,6,3,1,5,0,0,1,0,0,0,0,52.5073340420736,13.415497733511465,0,1,5,0
2678,202366,6,19,4,3,5,3,0,0,1,0,0,0,0,52.55202008262789,13.56457877813803,0,1,2,0
2679,202367,7,8,2,3,5,2,0,0,1,0,0,0,0,52.529436571944025,13.461363345401685,0,1,2,0
2680,202368,6,19,4,3,5,3,0,0,1,0,0,0,0,52.41740129049017,13.53395318162648,0,1,2,0
2681,202369,6,8,6,3,5,7,0,0,1,0,0,0,0,52.46956490098282,13.553280580736823,0,1,7,0
2682,202371,6,19,4,3,3,6,0,0,0,0,1,0,0,52.48318804796612,13.437303894112295,0,1,6,0
2683,202372,6,0,7,3,5,3,2,0,1,0,0,0,0,52.50343395438674,13.410533156472926,0,1,2,1
2684,202374,6,18,4,3,5,3,0,0,1,0,0,0,0,52.53824867462457,13.231421792584474,0,1,2,0
2685,202375,6,10,6,3,4,6,0,0,1,0,0,0,0,52.488441807944355,13.412720161558983,0,0,6,0
2686,202377,7,19,1,3,5,7,0,0,1,0,0,0,0,52.52159526481215,13.325004724708586,0,1,7,1
2687,202380,6,16,4,3,5,3,0,0,1,0,0,0,0,52.51665443924672,13.385830801234855,0,1,2,0
2688,202381,7,7,2,3,5,2,0,0,1,0,0,0,0,52.44021997223774,13.327645820539267,0,1,2,0
2689,202382,6,16,4,3,5,3,0,0,1,0,0,0,0,52.49841228329323,13.399459319273758,0,1,2,0
2690,202383,6,7,6,3,5,3,0,0,1,0,0,0,0,52.542981731407174,13.60836783230267,0,1,2,0
2691,202384,6,20,7,3,5,2,0,0,1,0,0,0,0,52.503360282996205,13.403693455949615,0,1,2,1
2692,202385,6,17,4,3,5,2,0,0,1,0,0,0,0,52.45911264195893,13.303789452923613,0,1,2,0
2693,202386,6,15,4,3,0,2,0,0,0,0,0,0,1,52.47974304373896,13.305767490308865,0,1,2,0
2694,202387,6,15,6,2,2,6,0,0,0,0,0,0,1,52.617526895209416,13.451668369041796,0,1,6,0
2695,202388,6,17,4,3,2,2,0,0,1,0,0,0,0,52.482860533761645,13.441663942232795,0,1,2,0
2696,202394,6,14,4,3,5,2,0,0,1,0,0,0,0,52.46586763129917,13.377889434798828,0,1,2,0
2697,202396,6,7,6,3,5,3,0,0,1,0,0,0,0,52.6126696283187,13.231566886723964,0,1,2,0
2698,202397,6,18,7,3,5,3,0,0,1,0,0,0,0,52.54830704122075,13.161253386399634,0,1,2,1
2699,202399,6,13,4,3,3,6,0,0,1,0,0,0,0,52.491759095501564,13.433414594118233,0,1,6,0
2700,202401,6,13,4,3,0,7,0,0,0,0,0,0,0,52.565994373293094,13.209763074889095,1,0,7,0
2701,202403,6,13,4,3,5,2,0,0,1,0,0,0,0,52.48942707062714,13.376837762771444,0,1,2,0
2702,202404,6,6,6,3,5,2,0,0,1,0,0,0,0,52.53724226023372,13.360346919656179,0,1,2,0
2703,202408,6,13,4,3,0,7,0,0,0,0,0,0,0,52.53124317618764,13.156883283837493,1,0,7,0
2704,202409,7,18,3,3,5,2,0,0,1,0,0,0,0,52.517485926705895,13.41020860548759,0,1,2,0
2705,202410,6,14,7,3,5,2,0,0,0,0,0,0,1,52.44374025433702,13.578956966717822,0,1,2,1
2706,202413,7,18,3,3,6,4,0,0,0,0,0,1,0,52.448157356979685,13.379517970993204,0,1,4,0
2707,202415,6,10,4,3,5,7,0,0,1,0,0,0,0,52.52067272588106,13.341353063375141,0,1,7,0
2708,202417,7,17,3,3,3,6,0,0,1,0,0,0,0,52.52164759338975,13.416294228064116,0,0,6,0
2709,202419,6,15,6,3,5,3,0,0,1,0,0,0,0,52.54017604811375,13.37985481436355,0,1,2,0
2710,202420,6,12,4,2,5,3,0,0,1,0,0,0,0,52.533493761410895,13.165074417408626,0,1,2,0
2711,202422,7,18,3,3,5,2,0,0,1,0,0,0,0,52.55751055114186,13.527445649429295,0,1,2,0
2712,202423,6,12,4,3,1,5,0,0,1,0,0,0,0,52.573860258900176,13.323376485339693,0,1,5,0
2713,202424,7,18,3,3,5,3,0,0,0,0,0,0,0,52.500496756960146,13.405960423650697,1,0,2,0
2714,202425,6,6,6,2,5,3,0,0,1,0,0,0,0,52.5303039266933,13.558258706695314,0,1,2,0
2715,202426,7,20,1,2,5,3,0,0,1,0,0,0,0,52.54220498744888,13.373415338305106,0,1,2,1
2716,202427,7,19,3,3,2,2,0,0,1,0,0,0,0,52.54119125280036,13.315209510065776,0,1,2,0
2717,202430,6,10,7,3,5,3,0,0,1,0,0,0,0,52.440113481138106,13.301004590956152,0,1,2,1
2718,202431,7,17,3,3,5,3,0,0,1,0,0,0,0,52.57995218735457,13.39727006401639,0,1,2,0
2719,202433,7,16,3,3,4,6,0,0,1,0,0,0,0,52.476169173605655,13.19866967827326,0,1,6,0
2720,202435,6,9,4,3,0,6,0,0,0,0,1,0,0,52.50693301040191,13.393959760208256,0,1,6,0
2721,202436,7,7,2,3,5,3,0,0,1,0,0,0,0,52.63521059871299,13.49881753784691,0,1,2,0
2722,202437,7,15,3,3,1,5,0,0,1,0,0,0,0,52.47067209557659,13.317707448554193,0,1,5,0
2723,202438,6,9,4,3,5,2,0,0,0,0,0,0,1,52.524152323044994,13.409018703373127,0,1,2,0
2724,202442,7,15,3,3,1,5,0,0,0,0,0,0,1,52.495343037072324,13.298617654066458,0,1,5,0
2725,202443,6,8,4,3,5,2,0,0,0,0,0,0,1,52.45264780663228,13.43571653885813,0,1,2,0
2726,202444,7,15,3,3,1,5,0,0,1,0,0,0,0,52.49257846709307,13.35343293540364,0,1,5,0
2727,202446,7,15,3,3,5,3,0,0,1,0,0,0,0,52.511107927221204,13.38166197791272,0,1,2,0
2728,202447,6,18,6,3,5,3,0,0,1,0,0,0,0,52.61958535931785,13.475785504920525,0,1,2,0
2729,202450,6,8,4,3,5,2,0,0,0,0,0,0,1,52.497899556381206,13.395869003522993,0,1,2,0
2730,202451,7,14,3,3,5,3,0,0,1,0,0,0,0,52.51132311229086,13.4137345080507,0,1,2,0