Unnamed: 0,OBJECTID,UMONAT,USTUNDE,UWOCHENTAG,UKATEGORIE,UART,UTYP1,ULICHTVERH,STRZUSTAND,IstPKW,IstKrad,IstGkfz,IstFuss,IstSonstige,lat,lon,alone,not_alone,UTYP2,weekend
3225,203534,8,16,4,3,5,2,0,0,1,0,0,0,0,52.45492028438817,13.326876461893699,0,1,2,0
3226,203535,8,8,2,3,5,7,0,0,1,0,0,0,0,52.51319678553453,13.382482569832838,0,1,7,0
3227,203536,8,16,6,3,5,3,0,0,1,0,0,0,0,52.515578231002976,13.24970906879181,0,1,2,0
3228,203537,8,8,2,3,4,6,0,0,1,0,0,0,0,52.51377960832103,13.35005906134583,0,0,6,0
3229,203539,8,15,4,3,5,7,0,0,1,0,0,0,0,52.545830498294016,13.450688183975933,0,1,7,0
3230,203542,8,8,2,3,5,2,0,0,0,0,0,0,1,52.517018093567145,13.440609762449922,0,1,2,0
3231,203543,8,12,1,2,5,3,0,0,0,0,0,0,0,52.561799846906425,13.25450629909881,1,0,2,1
3232,203545,8,8,2,3,5,2,0,0,1,0,0,0,0,52.52718508105794,13.450952651591596,0,1,2,0
3233,203546,8,18,6,2,0,7,0,0,0,0,0,0,0,52.488796747976686,13.322733238540925,1,0,7,0
3234,203547,8,16,2,3,1,5,0,0,0,0,0,0,1,52.51591334709485,13.411714359315916,0,1,5,0
3235,203548,8,7,5,2,0,1,0,0,0,0,0,0,0,52.53325385527026,13.404419788794492,1,0,1,0
3236,203552,8,15,2,3,5,2,0,0,1,0,1,0,0,52.50823134176576,13.399007215175555,0,1,2,0
3237,203556,8,14,4,3,5,3,0,0,1,0,0,0,0,52.56467403930618,13.448344608122918,0,1,2,0
3238,203557,8,11,1,3,5,2,0,0,1,0,0,0,0,52.48847514497822,13.302078537902233,0,1,2,1
3239,203561,7,21,3,3,1,1,0,0,1,0,0,0,0,52.531621979899434,13.34396642105868,0,1,1,0
3240,203562,7,8,3,3,5,3,0,0,1,0,0,0,0,52.42298409992862,13.271129231000824,0,1,2,0
3241,203566,8,18,5,3,3,6,0,0,1,0,0,0,0,52.55743070433342,13.339823187203818,0,0,6,0
3242,203567,7,18,3,3,5,3,0,0,1,0,0,0,0,52.40767020933936,13.37811285929464,0,1,2,0
3243,203571,8,15,5,3,5,3,0,0,1,0,0,0,0,52.49795415092482,13.396008489798938,0,1,2,0
3244,203575,8,15,1,3,0,3,0,0,0,0,0,0,0,52.524929392527724,13.346511755043096,1,0,2,1
3245,203578,7,19,3,3,0,2,0,0,0,1,0,0,0,52.51724971737056,13.440678398783719,0,1,2,0
3246,203582,7,10,3,3,0,1,0,0,0,0,0,0,0,52.52438522242285,13.395265752721214,1,0,1,0
3247,203583,8,12,5,3,1,5,0,0,1,0,0,0,0,52.503827104962426,13.415000810589724,0,1,5,0
3248,203586,8,13,5,3,5,2,0,0,1,0,0,0,0,52.48620239243042,13.350972349638223,0,1,2,0
3249,203587,7,17,3,3,5,2,0,0,0,0,0,0,1,52.53849953094453,13.40249247762346,0,1,2,0
3250,203588,8,13,5,3,0,1,0,0,0,0,0,0,0,52.419930989498155,13.330897389334377,1,0,1,0
3251,203589,8,15,2,2,5,3,0,0,1,0,0,0,0,52.510711215408676,13.5076221461938,0,1,2,0
3252,203591,7,9,3,2,3,6,0,0,1,0,0,0,0,52.563363778408615,13.329376606478718,0,0,6,0
3253,203598,8,11,5,3,0,2,0,0,1,0,0,0,0,52.52381573393082,13.279363979156404,0,1,2,0
3254,203599,7,20,3,2,5,3,0,0,1,0,0,0,0,52.46727098436824,13.331137766744225,0,1,2,0
3255,203600,8,11,5,3,5,3,0,0,1,0,0,0,0,52.41774985608856,13.478172615085027,0,1,2,0
3256,203602,8,21,2,3,1,5,2,0,1,0,0,0,0,52.417342854921685,13.496162169432086,0,1,5,0
3257,203607,7,9,3,3,2,7,0,0,1,0,0,0,0,52.47126714931697,13.299769654509133,0,1,7,0
3258,203608,8,21,1,3,5,3,1,0,0,0,0,0,0,52.519860053304825,13.337628028156756,1,0,2,1
3259,203610,8,21,1,3,5,3,1,0,1,0,0,0,0,52.49132434661886,13.360908010112135,0,1,2,1
3260,203612,7,8,3,3,5,2,0,0,1,0,0,0,0,52.49091866254985,13.416249350490734,0,1,2,0
3261,203613,8,19,1,3,1,5,0,0,1,0,0,0,0,52.4494710216751,13.351165535604153,0,1,5,1
3262,203618,8,9,5,3,3,6,0,0,1,0,0,0,0,52.55262298003654,13.38178262008099,0,0,6,0
3263,203622,7,18,3,3,5,2,0,0,1,0,0,0,0,52.461556767266636,13.376737335901813,0,1,2,0
3264,203625,8,14,1,2,3,6,0,0,1,0,0,0,0,52.50660042911873,13.413052027474716,0,0,6,1
3265,203626,7,17,3,2,3,6,0,0,0,0,0,0,1,52.46056754707879,13.324343070559545,0,1,6,0
3266,203627,8,10,1,3,4,6,0,0,1,0,0,0,0,52.57254899796318,13.565084146921228,0,0,6,1
3267,203628,7,17,3,3,5,2,0,0,1,0,0,0,0,52.57794360631862,13.428705191426921,0,1,2,0
3268,203631,8,14,1,3,5,3,0,0,1,0,0,0,0,52.53684341944296,13.60113011902863,0,1,2,1
3269,203636,8,6,5,3,5,2,0,0,1,0,0,0,0,52.50677380400996,13.294968910098467,0,1,2,0
3270,203639,8,8,5,3,2,6,0,0,1,0,0,0,0,52.53116928438882,13.38230648081417,0,1,6,0
3271,203641,8,12,1,3,5,3,0,0,0,0,0,0,0,52.47340776842511,13.451416055466792,1,0,2,1
3272,203644,8,22,1,2,3,6,2,0,1,0,0,0,0,52.430101440578184,13.731246342919405,0,1,6,1
3273,203647,7,16,3,3,1,5,0,0,1,0,0,0,0,52.49747950431386,13.405908028637706,0,1,5,0
3274,203655,8,6,5,3,0,1,0,0,0,0,0,0,0,52.52662756208298,13.479671385444934,1,0,1,0
3275,203657,8,16,5,3,5,2,0,0,1,0,0,0,0,52.49077345023333,13.33102440295964,0,1,2,0
3276,203659,8,23,5,3,0,6,2,1,1,0,0,0,0,52.44096772857651,13.352327569026418,0,1,6,0
3277,203660,8,15,7,3,5,2,0,0,1,0,0,0,0,52.53725690203437,13.360192740627769,0,1,2,1
3278,203661,8,13,5,3,5,3,0,0,1,0,0,0,0,52.48574171391111,13.296385698333303,0,1,2,0
3279,203664,7,13,3,3,2,6,0,0,1,0,0,0,0,52.50050610741137,13.324965487537662,0,1,6,0
3280,203665,8,13,7,3,5,2,0,0,1,0,0,0,0,52.51636620009716,13.380837624019106,0,1,2,1
3281,203667,8,12,7,3,5,3,0,0,1,0,0,0,0,52.54661562158229,13.209874286661375,0,1,2,1
3282,203668,8,13,7,3,5,3,0,0,1,0,0,0,0,52.563186408853205,13.365786179059324,0,1,2,1
3283,203669,7,6,3,3,6,7,0,0,0,0,0,1,0,52.46306044321495,13.382010353747166,0,1,7,0
3284,203672,8,18,4,3,5,3,0,0,0,0,0,0,0,52.50512531399908,13.421940201335447,1,0,2,0
3285,203674,7,12,3,3,2,2,0,0,1,0,0,0,0,52.52037304937807,13.485958555680554,0,1,2,0
3286,203675,7,11,3,3,5,3,0,0,1,0,0,0,0,52.567652624392956,13.528028135126634,0,1,2,0
3287,203678,8,6,4,3,2,6,0,0,1,0,0,0,0,52.526181583421575,13.38792003362983,0,1,6,0
3288,203679,7,10,3,3,0,2,0,0,1,0,0,0,0,52.42024772983969,13.578109252486927,0,1,2,0
3289,203681,7,20,3,3,0,7,1,0,0,0,0,0,0,52.53454822447849,13.293148986597604,1,0,7,0
3290,203682,8,10,7,3,5,2,0,0,1,0,0,0,0,52.49155738519354,13.376419533806635,0,1,2,1
3291,203683,8,17,4,3,5,2,0,0,1,0,0,0,0,52.53542781846932,13.390180855784724,0,1,2,0
3292,203685,8,17,4,3,5,2,0,0,1,0,0,0,0,52.495841160083856,13.287209990554965,0,1,2,0
3293,203688,8,17,4,3,5,2,0,0,1,0,0,0,0,52.45557536492195,13.325242966426813,0,1,2,0
3294,203693,8,22,7,2,0,7,2,0,0,0,0,0,0,52.477607988330355,13.448561827719493,1,0,7,1
3295,203696,7,18,2,3,4,6,0,0,1,0,0,0,0,52.425381615630855,13.678184764227225,0,0,6,0
3296,203697,8,5,7,2,5,2,0,0,1,0,0,0,0,52.501227868945605,13.441680098405536,0,1,2,1
3297,203701,7,8,2,3,3,6,0,0,1,0,0,0,0,52.4836466999634,13.400862562049591,0,0,6,0
3298,203706,7,16,2,3,5,2,0,0,0,1,0,0,0,52.51338302937274,13.33160040043384,0,1,2,0
3299,203707,8,17,6,3,3,6,0,0,1,0,0,0,0,52.52524801008021,13.393020529637115,0,1,6,0
3300,203709,8,16,6,3,5,2,0,0,1,0,0,0,0,52.56414275161303,13.39264921006963,0,1,2,0
3301,203713,8,17,6,3,5,3,0,0,1,0,0,0,0,52.43810431122946,13.565563808323756,0,1,2,0
3302,203714,7,16,2,3,4,1,0,0,1,0,0,0,0,52.51057514952584,13.452656490304769,0,1,1,0
3303,203715,8,12,4,3,5,2,0,0,1,0,0,0,0,52.515165453531246,13.31345538707526,0,1,2,0
3304,203718,8,11,4,3,5,3,0,0,1,0,0,0,0,52.529025034401656,13.40987361161382,0,1,2,0
3305,203725,8,10,4,3,5,2,0,0,1,0,0,0,0,52.505169377967526,13.4713108299508,0,1,2,0
3306,203726,8,20,6,3,5,3,1,0,0,1,0,0,0,52.530623243401344,13.447386568453293,0,1,2,0
3307,203729,7,17,2,2,4,6,0,0,1,0,0,0,0,52.44433847775418,13.574432619402485,0,0,6,0
3308,203734,8,13,6,3,5,2,0,0,1,0,0,0,0,52.50972819918882,13.503553750415225,0,1,2,0
3309,203739,8,11,7,3,1,5,0,0,1,0,0,0,0,52.487740947334956,13.448279468371966,0,1,5,1
3310,203746,8,16,7,3,1,5,0,0,0,0,0,0,1,52.5099643497571,13.455908868596525,0,1,5,1
3311,203750,8,14,4,3,3,5,0,0,0,0,0,0,1,52.481124047395646,13.43694770394402,0,1,5,0
3312,203752,8,9,4,3,3,6,0,0,0,0,1,0,0,52.4349093038192,13.313024456590785,0,1,6,0
3313,203754,8,8,4,3,6,4,0,0,0,0,0,1,0,52.52829623207897,13.468062820458393,0,1,4,0
3314,203756,8,14,4,3,5,3,0,0,1,0,0,0,0,52.55505349237669,13.195910307844784,0,1,2,0
3315,203767,8,13,6,2,5,2,0,0,1,0,0,0,0,52.445708436883315,13.284024143926894,0,1,2,0
3316,203770,7,20,2,3,5,3,1,0,1,0,0,0,0,52.5120462596933,13.461476414919625,0,1,2,0
3317,203771,8,16,7,2,0,7,0,0,0,0,0,0,0,52.50549377107782,13.363415358152196,1,0,7,1
3318,203773,8,10,4,2,5,2,0,0,1,0,0,0,0,52.614355084937436,13.244979824491072,0,1,2,0
3319,203776,7,19,2,3,5,3,0,0,1,0,0,0,0,52.5070334488134,13.379295921359596,0,1,2,0
3320,203778,7,19,2,3,4,2,0,0,1,0,0,0,0,52.52253661992786,13.38678032363082,0,1,2,0
3321,203779,8,12,6,3,5,3,0,0,0,0,0,0,0,52.504774676207845,13.468932444226999,1,0,2,0
3322,203780,8,1,4,2,0,1,2,0,0,0,0,0,0,52.571878391349536,13.427173901230136,1,0,1,0
3323,203783,7,14,2,3,5,2,0,0,0,0,1,0,0,52.521863780136,13.41672333167028,0,1,2,0
3324,203784,8,11,6,3,5,3,0,0,1,0,0,0,0,52.49339701932861,13.48999118289832,0,1,2,0
3325,203785,8,15,4,2,0,1,0,0,0,0,0,0,0,52.515535328508975,13.485042448973513,1,0,1,0
3326,203787,8,12,7,3,0,7,0,0,1,0,0,0,0,52.524250230215166,13.298201080003604,0,1,7,1
3327,203788,8,11,4,3,2,6,0,0,0,0,0,0,1,52.55059862299543,13.209950537661946,0,1,6,0
3328,203789,7,12,2,3,5,2,0,0,0,0,0,0,1,52.412988745000256,13.276734085894669,0,1,2,0
3329,203790,8,10,6,3,5,3,0,0,1,0,0,0,0,52.43618917812597,13.216501939866538,0,1,2,0
3330,203791,8,10,4,2,0,7,0,0,0,0,0,0,0,52.44088519261938,13.460001195128449,1,0,7,0
3331,203793,8,10,7,3,5,3,0,0,1,0,0,0,0,52.55360275275395,13.414383298798047,0,1,2,1
3332,203794,7,12,2,3,4,6,0,0,1,0,0,0,0,52.576483857524785,13.294810658187352,0,0,6,0
3333,203795,8,7,6,3,2,6,0,0,0,0,1,0,0,52.47029625772976,13.429639748748233,0,1,6,0
3334,203796,8,9,4,1,3,2,0,0,0,0,1,0,0,52.48332354850368,13.265817402592466,0,1,2,0
3335,203797,7,11,2,3,5,7,0,0,1,0,0,0,0,52.487489056370755,13.333102879165502,0,1,7,0
3336,203801,8,21,3,3,0,2,1,0,1,0,0,0,0,52.55327036472593,13.480109659286404,0,1,2,0
3337,203802,8,8,6,2,3,6,0,0,0,0,0,0,1,52.53522578981801,13.406264218918896,0,1,6,0
3338,203807,8,15,3,3,5,2,0,0,1,0,0,0,0,52.54834271705202,13.55572593036117,0,1,2,0
3339,203810,8,5,6,3,0,1,1,0,1,0,0,0,0,52.51247522123441,13.49776578959325,0,1,1,0
3340,203811,8,19,3,3,5,2,0,0,1,0,0,0,0,52.49298599875975,13.387970597968975,0,1,2,0
3341,203814,7,9,2,3,5,2,0,0,1,0,0,0,0,52.4837094520428,13.400323131918464,0,1,2,0
3342,203817,8,20,5,3,3,6,0,0,1,0,0,0,0,52.50282938668509,13.308675863642588,0,0,6,0
3343,203819,8,19,3,3,5,2,0,0,1,0,0,0,0,52.45498014974126,13.567231829250396,0,1,2,0
3344,203820,7,23,1,3,5,3,2,0,1,0,0,0,0,52.482442813215656,13.45385045730746,0,1,2,1
3345,203821,8,6,5,3,6,4,0,0,0,0,0,1,0,52.52493673835989,13.420930030290412,0,1,4,0
3346,203823,8,16,5,2,2,6,0,0,1,0,0,0,0,52.38751243005235,13.419442443094294,0,0,6,0
3347,203827,8,19,5,3,0,2,0,0,1,0,0,0,0,52.4705056910993,13.347455209276294,0,1,2,0
3348,203829,8,13,5,3,1,5,0,0,0,0,0,0,1,52.43056899087416,13.258389845872555,0,1,5,0
3349,203830,8,10,1,3,5,3,0,0,0,1,0,0,0,52.53815706699575,13.413363568551665,0,1,2,1
3350,203831,7,20,1,3,5,2,0,0,1,0,0,0,0,52.52493983888309,13.406362978965216,0,1,2,1
3351,203836,7,20,1,3,6,4,1,0,0,0,0,1,0,52.50343024461205,13.331293898488035,0,1,4,1
3352,203838,8,17,3,3,5,2,0,0,1,0,0,0,0,52.50221377167733,13.41995930528028,0,1,2,0
3353,203840,8,12,5,3,2,6,0,0,0,0,0,0,1,52.46023822063122,13.324022217540966,0,1,6,0
3354,203845,7,19,1,3,6,4,0,0,0,0,0,1,0,52.48653896481538,13.4407676223661,0,1,4,1
3355,203851,7,17,1,3,5,2,0,0,1,0,0,0,0,52.50545797239354,13.422185891558021,0,1,2,1
3356,203852,7,16,1,3,2,6,0,0,1,0,0,0,0,52.54074362195173,13.392444917440006,0,1,6,1
3357,203858,8,16,3,3,1,5,0,0,1,0,0,0,0,52.42623130070877,13.592812961749852,0,1,5,0
3358,203859,8,8,5,3,1,5,0,0,1,0,0,0,0,52.53197172635421,13.42355943248168,0,1,5,0
3359,203863,8,7,5,3,5,3,0,0,0,0,0,0,1,52.556616753538506,13.37404045815818,0,1,2,0
3360,203867,7,11,1,3,4,6,0,0,1,0,0,0,0,52.49556341613305,13.263994523933285,0,1,6,1
3361,203869,8,15,3,3,5,2,0,0,1,0,0,0,0,52.48208647056681,13.43367462885553,0,1,2,0
3362,203870,7,11,1,3,1,5,0,0,1,0,0,0,0,52.533743121027186,13.371019747234348,0,1,5,1
3363,203871,8,15,3,3,3,6,0,0,1,0,0,0,0,52.47392062240586,13.427864781652556,0,1,6,0
3364,203872,8,15,3,3,1,5,0,0,1,0,0,0,0,52.51229582379357,13.460530484148496,0,1,5,0
3365,203878,8,20,5,3,5,2,0,0,1,0,0,0,0,52.40978992782762,13.666421919181035,0,1,2,0
3366,203881,8,13,3,3,0,1,0,0,0,0,0,0,0,52.509761335721855,13.45679570743901,1,0,1,0
3367,203883,8,16,5,3,4,6,0,0,0,0,0,0,1,52.53808299997881,13.26962466208408,0,1,6,0
3368,203885,8,18,5,3,1,5,0,0,1,1,0,0,0,52.512061066009686,13.469718971938393,0,1,5,0
3369,203886,7,15,7,3,6,6,0,0,0,0,0,1,0,52.50200405262842,13.347457534116476,0,1,6,1
3370,203889,7,15,7,3,0,3,0,0,0,1,0,0,0,52.415020168173456,13.392354899902516,0,1,2,1
3371,203890,8,13,3,3,5,2,0,0,1,0,0,0,0,52.503118277972824,13.36556068590112,0,1,2,0
3372,203892,8,16,5,3,1,5,0,0,0,0,0,0,1,52.453213774625034,13.509468541901104,0,1,5,0
3373,203897,8,15,5,3,5,7,0,0,1,0,1,0,0,52.49846720606652,13.428795289608992,0,1,7,0
3374,203899,7,10,7,3,6,4,0,0,0,0,0,1,0,52.43012163303187,13.336538303790931,0,1,4,1
3375,203900,8,14,5,3,2,7,0,0,1,0,0,0,0,52.4706443623157,13.569603033782975,0,1,7,0
3376,203902,7,10,7,3,5,3,0,0,0,0,0,0,1,52.45636633322515,13.562596121000507,0,1,2,1
3377,203906,8,14,5,3,0,1,0,0,0,0,0,0,0,52.52724867961216,13.415569633695593,1,0,1,0
3378,203907,7,7,7,3,6,4,0,0,0,0,0,1,0,52.463626433174994,13.335875047296936,0,1,4,1
3379,203908,8,14,5,3,5,3,0,0,1,0,0,0,0,52.39705547800804,13.410812867878047,0,1,2,0
3380,203911,7,17,7,3,6,4,0,0,0,0,0,1,0,52.500352652217686,13.437952633152491,0,1,4,1
3381,203912,8,9,3,3,5,2,0,0,1,0,0,0,0,52.52120033123935,13.429461067482526,0,1,2,0
3382,203913,7,1,7,3,5,2,2,0,1,0,0,0,0,52.5019222468962,13.475350841088705,0,1,2,1
3383,203916,8,13,5,3,0,7,0,0,0,0,0,0,0,52.49899809909032,13.406816257332554,1,0,7,0
3384,203920,8,15,5,3,5,2,0,0,1,0,0,0,0,52.43070766104779,13.346547763499204,0,1,2,0
3385,203921,8,15,5,2,5,3,0,0,1,0,0,0,0,52.560471553549824,13.42761446039002,0,1,2,0
3386,203923,8,8,5,3,2,2,0,0,1,0,0,0,0,52.51189315951375,13.402424402748945,0,1,2,0
3387,203924,8,14,5,3,5,2,0,0,1,0,0,0,0,52.547330498447415,13.43911759511457,0,1,2,0
3388,203926,8,8,5,3,1,5,0,0,1,0,0,0,0,52.53375560732749,13.442530962700017,0,1,5,0
3389,203927,8,19,1,3,5,2,0,0,1,0,0,0,0,52.52277816963464,13.329787485771547,0,1,2,1
3390,203929,8,15,7,3,1,5,0,0,1,0,0,0,0,52.43100905609196,13.383451177014699,0,1,5,1
3391,203930,8,8,5,3,5,2,0,0,1,0,0,0,0,52.52330622216082,13.425638889821697,0,1,2,0
3392,203931,8,7,5,3,5,2,0,0,1,0,0,0,0,52.45204964526474,13.53348271375216,0,1,2,0
3393,203933,8,19,7,3,2,6,1,0,1,0,0,0,0,52.48015852289154,13.44307415002147,0,1,6,1
3394,203934,8,7,5,3,5,2,0,0,0,0,0,0,1,52.556382584815985,13.429247695451796,0,1,2,0
3395,203936,8,6,5,2,5,3,0,0,0,0,0,0,0,52.49463503112239,13.355348104698873,1,0,2,0
3396,203945,8,6,6,3,5,2,0,0,1,0,0,0,0,52.50684153491073,13.278250531354615,0,1,2,0
3397,203946,8,15,5,3,5,2,0,0,1,0,0,0,0,52.57476949119446,13.373366429842735,0,1,2,0
3398,203948,8,14,5,3,5,2,0,0,1,0,0,0,0,52.56464613265224,13.325854887457659,0,1,2,0
3399,203950,8,11,1,3,4,6,0,0,1,0,0,0,0,52.37418145358692,13.65758517478443,0,0,6,1
3400,203955,8,14,6,3,5,2,0,0,1,0,0,0,0,52.505835567282354,13.519884249990554,0,1,2,0
3401,203956,8,12,5,3,2,6,0,0,1,0,0,0,0,52.54592377254181,13.434050050971393,0,1,6,0
3402,203962,8,17,1,3,5,2,0,0,1,0,0,0,0,52.49538762625657,13.397804005910167,0,1,2,1
3403,203965,8,2,7,3,5,3,2,0,1,0,0,0,0,52.499040077426294,13.385363341208265,0,1,2,1
3404,203968,8,16,6,3,2,7,0,0,1,0,0,0,0,52.49761007939824,13.307908913431616,0,1,7,0
3405,203970,8,11,4,3,0,3,0,0,0,0,0,0,1,52.55212090259195,13.413864597220526,0,1,2,0
3406,203971,8,20,6,3,6,4,1,0,0,0,0,1,0,52.52742960321542,13.403127490477376,0,1,4,0
3407,203981,8,9,4,3,5,2,0,0,1,0,0,0,0,52.49966275265337,13.46840038918216,0,1,2,0
3408,203984,8,19,6,3,5,3,0,0,1,0,0,0,0,52.55444149141367,13.225990472942591,0,1,2,0
3409,203987,8,19,4,3,2,6,0,0,1,0,0,0,0,52.53255354475874,13.398549602900493,0,0,6,0
3410,203990,8,17,4,3,0,2,0,0,1,0,0,0,0,52.48913564965643,13.393616046702142,0,1,2,0
3411,203992,8,11,4,2,0,1,0,0,0,0,0,0,0,52.531056171053606,13.402348851099045,1,0,1,0
3412,203996,8,17,4,2,0,1,0,0,0,0,0,0,0,52.449257606635896,13.664055649670706,1,0,1,0
3413,203997,8,7,6,3,5,3,0,0,0,0,0,0,0,52.560529192034274,13.432993821550314,1,0,2,0
3414,203998,8,17,4,3,1,5,0,0,0,0,0,0,1,52.55290063419238,13.443488128984349,0,1,5,0
3415,203999,8,12,4,2,0,1,0,0,0,0,0,0,0,52.52554040226245,13.366796997250905,1,0,1,0
3416,204001,8,17,4,3,5,2,0,0,1,0,0,0,0,52.434657557410056,13.539508442381976,0,1,2,0
3417,204003,8,17,1,3,1,5,0,0,1,0,0,0,0,52.45709938092289,13.510615596618265,0,1,5,1
3418,204004,8,16,4,3,5,2,0,0,1,0,0,0,0,52.58073176388554,13.302873603700075,0,1,2,0
3419,204005,8,11,7,3,1,5,0,0,1,0,0,0,0,52.53988511730061,13.421839604257126,0,1,5,1
3420,204006,8,16,4,3,0,1,0,0,0,0,0,0,0,52.53218606036656,13.393887207966234,1,0,1,0
3421,204007,8,12,6,2,5,2,0,0,1,0,0,0,0,52.46427576883313,13.335072242539635,0,1,2,0
3422,204009,8,13,7,3,0,2,0,0,1,0,0,0,0,52.4949593431357,13.438888937303501,0,1,2,1
3423,204010,8,16,4,3,3,6,0,0,1,0,0,0,0,52.491166976780214,13.492892447539539,0,0,6,0
3424,204013,8,15,4,3,5,2,0,0,1,0,0,0,0,52.44668812726971,13.628426967751992,0,1,2,0
3425,204014,8,19,1,3,5,2,0,0,1,0,0,0,0,52.541042376360465,13.411945247663855,0,1,2,1
3426,204016,8,8,5,3,5,3,0,0,0,0,0,0,1,52.376485347555196,13.614227565282777,0,1,2,0
3427,204017,8,15,4,3,2,6,0,0,0,1,0,0,0,52.4986086140473,13.444827242740429,0,1,6,0
3428,204019,8,18,6,2,5,3,0,0,0,0,0,0,0,52.548604665889684,13.348076948398806,1,0,2,0
3429,204021,8,15,4,3,5,3,0,0,0,0,0,0,0,52.55806677978667,13.478092209460671,1,0,2,0
3430,204023,8,15,4,3,5,2,0,0,1,0,0,0,0,52.499364848935826,13.303840141390893,0,1,2,0
3431,204025,8,14,4,2,0,1,0,0,0,0,0,0,0,52.52411993505478,13.460953089560075,1,0,1,0
3432,204027,8,14,4,3,1,5,0,0,1,0,0,0,0,52.50122646545444,13.316445032143635,0,1,5,0
3433,204034,8,12,4,3,6,4,0,0,0,0,0,1,0,52.49897514442786,13.427621723924807,0,1,4,0
3434,204035,8,15,7,3,5,3,0,0,1,0,0,0,0,52.52831473580947,13.599128973238985,0,1,2,1
3435,204039,8,20,7,2,5,7,2,0,1,0,0,0,0,52.515990230452864,13.197376191268265,0,1,7,1
3436,204040,8,11,3,3,6,7,0,0,0,0,0,1,0,52.50169257553221,13.417812135124185,0,1,7,0
3437,204041,8,22,3,3,5,2,2,0,1,0,0,0,0,52.55357195017967,13.414703911702428,0,1,2,0
3438,204045,8,10,2,3,5,2,0,0,0,0,0,0,1,52.50245108436965,13.475532883026553,0,1,2,0
3439,204046,8,18,3,3,0,7,0,0,0,0,0,0,0,52.51829542732176,13.605864308536749,1,0,7,0
3440,204047,8,16,5,3,5,2,0,0,0,0,0,0,1,52.445052607373206,13.400128495434409,0,1,2,0
3441,204050,8,17,3,3,5,2,0,0,1,0,0,0,0,52.51702322943656,13.440611406568351,0,1,2,0
3442,204052,8,17,3,3,5,5,0,0,1,0,0,0,0,52.53180368054525,13.377436915699173,0,1,5,0
3443,204053,8,15,3,3,5,2,0,0,1,0,0,0,0,52.50592248405554,13.519862068781912,0,1,2,0
3444,204056,8,15,3,3,5,3,0,0,0,1,0,0,0,52.502159822625025,13.342481147508767,0,1,2,0
3445,204057,8,11,1,3,2,7,0,0,0,0,0,0,1,52.42185050595274,13.179516222590985,0,1,7,1
3446,204060,8,15,3,3,5,2,0,0,0,0,0,0,1,52.41453059142153,13.400902366618226,0,1,2,0
3447,204064,8,12,3,3,6,4,0,0,0,0,0,1,0,52.51149005563006,13.39168641248957,0,1,4,0
3448,204068,8,16,5,3,5,2,0,0,1,0,0,0,0,52.55408781482493,13.40622446691631,0,1,2,0
3449,204070,8,7,6,3,5,2,0,0,1,0,0,0,0,52.51344110961441,13.440806377426002,0,1,2,0
3450,204071,8,15,3,2,5,2,0,0,1,0,0,0,0,52.5860862068254,13.389702847356498,0,1,2,0
3451,204076,8,19,6,3,1,5,1,0,1,0,0,0,1,52.57222060253338,13.312160067390744,0,1,5,0
3452,204077,8,14,3,3,1,5,0,0,0,0,0,0,1,52.526318647423786,13.35089643150299,0,1,5,0
3453,204078,8,17,5,3,1,5,0,0,1,0,0,0,0,52.48203832535968,13.429144395076596,0,1,5,0
3454,204084,8,10,3,3,1,5,0,0,1,0,0,0,0,52.57192092723866,13.3307680096,0,1,5,0
3455,204085,8,15,6,3,6,4,0,0,0,0,0,1,0,52.53070977919096,13.402053401799398,0,1,4,0
3456,204087,8,8,3,3,5,3,0,0,1,0,0,0,0,52.461729745278504,13.325289658660562,0,1,2,0
3457,204089,8,8,3,3,2,6,0,0,1,0,0,0,0,52.44414498624591,13.331104024903393,0,0,6,0
3458,204090,8,7,3,3,3,6,0,0,1,0,0,0,0,52.45286108161972,13.569629729251465,0,1,6,0
3459,204091,8,17,5,3,5,2,0,0,1,0,0,0,0,52.4900768600243,13.386281526034026,0,1,2,0
3460,204092,8,7,3,3,5,3,0,0,1,0,0,0,0,52.56300164606049,13.365784866461878,0,1,2,0
3461,204095,8,18,5,3,5,2,0,0,0,0,0,0,0,52.5261078932376,13.241256681281135,1,0,2,0
3462,204096,8,5,3,2,5,7,1,0,1,0,0,0,0,52.53773672323587,13.253325374277663,0,1,7,0
3463,204097,8,10,6,3,5,2,0,0,1,0,0,0,0,52.52584358533271,13.519844464756307,0,1,2,0
3464,204100,8,11,3,2,5,2,0,0,1,0,0,0,0,52.480122708229935,13.328939565502813,0,1,2,0
3465,204101,8,10,2,3,5,3,0,0,0,1,0,0,0,52.59370506766208,13.28107741194359,0,1,2,0
3466,204102,8,18,3,3,5,2,0,0,1,0,0,0,0,52.503065381784445,13.365811504087032,0,1,2,0
3467,204104,8,8,2,3,6,4,0,0,0,0,0,1,0,52.524278500805615,13.351034802117393,0,1,4,0
3468,204105,8,10,7,2,5,7,0,0,1,0,0,0,0,52.481892066331255,13.52719068191337,0,1,7,1
3469,204108,8,15,7,2,5,2,0,0,0,0,0,0,1,52.45826067656419,13.138130896935794,0,1,2,1
3470,204109,8,19,5,3,5,2,0,0,1,0,0,0,0,52.51998466448997,13.416337172074762,0,1,2,0
3471,204110,8,11,2,3,5,2,0,0,1,0,0,0,0,52.52401693879853,13.409751139646456,0,1,2,0