Unnamed: 0,OBJECTID,UMONAT,USTUNDE,UWOCHENTAG,UKATEGORIE,UART,UTYP1,ULICHTVERH,STRZUSTAND,IstPKW,IstKrad,IstGkfz,IstFuss,IstSonstige,lat,lon,alone,not_alone,UTYP2,weekend
3967,205208,9,20,5,3,3,6,2,0,1,0,0,0,0,52.53551114303239,13.451213666617534,0,0,6,0
3968,205209,9,7,5,3,5,3,0,0,1,0,0,0,0,52.498669110684396,13.412179902334822,0,1,2,0
3969,205211,9,17,5,3,5,3,0,0,1,0,0,0,0,52.54458356495715,13.422609732780476,0,1,2,0
3970,205216,9,10,3,3,1,5,0,0,1,0,0,0,0,52.524796486025856,13.199616230233088,0,1,5,0
3971,205219,9,22,5,3,5,2,2,0,1,0,0,0,0,52.48893069421429,13.454019128790483,0,1,2,0
3972,205220,9,9,3,3,5,3,0,0,1,0,0,0,0,52.51283786093219,13.457846984062602,0,1,2,0
3973,205221,9,9,3,3,5,2,0,0,1,0,0,0,0,52.523995543479344,13.410163365558688,0,1,2,0
3974,205223,9,9,3,3,5,2,0,0,0,1,0,0,0,52.54223231180927,13.349262706275976,0,1,2,0
3975,205227,9,6,5,3,1,5,1,0,1,0,0,0,0,52.55142633472384,13.566092452804446,0,1,5,0
3976,205228,9,6,3,3,6,4,1,0,0,0,0,1,0,52.489242926755,13.407428908307185,0,1,4,0
3977,205229,9,11,5,3,1,5,0,1,1,0,0,0,0,52.49715662770286,13.294240432246404,0,1,5,0
3978,205234,9,6,3,3,5,2,0,0,1,0,0,0,0,52.411679518891496,13.503481719707615,0,1,2,0
3979,205238,9,13,5,3,3,2,0,0,1,0,0,0,0,52.46914793759391,13.43034727854818,0,1,2,0
3980,205241,9,6,6,3,0,2,1,0,0,0,0,0,1,52.55543128404128,13.391568588577865,0,1,2,0
3981,205242,9,8,3,3,3,6,0,0,1,0,0,0,0,52.51323102230402,13.576577778340116,0,1,6,0
3982,205244,9,11,5,3,5,2,0,1,0,0,1,0,0,52.55473147329239,13.383323406468431,0,1,2,0
3983,205248,9,15,3,3,1,5,0,0,1,0,0,0,0,52.48736613553876,13.344942801744866,0,1,5,0
3984,205254,9,9,5,2,5,3,0,1,1,0,0,0,0,52.49030820055753,13.3145158731411,0,1,2,0
3985,205255,9,13,5,3,3,6,0,0,1,0,0,0,0,52.49550361059404,13.200027957454646,0,1,6,0
3986,205256,9,9,5,3,5,3,0,1,0,0,0,0,0,52.5009388755892,13.391622980284419,1,0,2,0
3987,205257,9,17,3,3,5,2,0,0,1,0,0,0,0,52.53958842828207,13.294851898149235,0,1,2,0
3988,205263,9,9,5,3,5,3,0,1,0,0,0,0,0,52.52801311092982,13.410554209252142,1,0,2,0
3989,205265,9,8,5,3,3,6,0,1,1,0,0,0,0,52.53261963626024,13.380506727258215,0,1,6,0
3990,205267,9,18,3,3,5,3,0,0,0,0,0,0,1,52.54860383050354,13.452737857159116,0,1,2,0
3991,205271,9,18,3,3,6,4,0,0,0,0,0,1,0,52.50776319650154,13.378262164862267,0,1,4,0
3992,205273,9,17,5,3,5,2,0,0,0,0,0,0,1,52.46802997015853,13.444914933272871,0,1,2,0
3993,205278,9,16,3,3,1,5,0,0,1,0,0,0,0,52.540596894453394,13.557015936581635,0,1,5,0
3994,205282,9,7,5,3,5,3,0,0,1,0,0,0,0,52.53854542558816,13.402655557073164,0,1,2,0
3995,205291,9,16,5,3,5,3,0,0,1,0,0,0,0,52.468588722478295,13.385323572142875,0,1,2,0
3996,205294,9,16,5,3,5,2,0,0,1,0,0,0,0,52.5189498378293,13.290082953680642,0,1,2,0
3997,205296,9,9,6,3,5,2,0,0,1,0,0,0,0,52.52401504568258,13.409785777374553,0,1,2,0
3998,205297,9,17,2,3,0,2,0,0,1,0,0,0,0,52.47991105321743,13.328036866276012,0,1,2,0
3999,205300,9,22,2,3,0,3,2,0,1,0,0,0,0,52.4635170368272,13.484575230520143,0,1,2,0
4000,205301,9,15,5,3,5,2,0,0,1,0,0,0,0,52.50636563317657,13.313771558499324,0,1,2,0
4001,205302,9,17,5,3,2,4,0,0,0,0,0,1,0,52.477281242221316,13.328264719053081,0,1,4,0
4002,205306,9,7,5,3,0,2,1,0,1,0,0,0,0,52.59718210928626,13.375454669862638,0,1,2,0
4003,205308,9,15,2,3,2,6,0,0,1,0,0,0,0,52.51448361570997,13.386237357962141,0,1,6,0
4004,205310,9,18,4,3,5,3,0,0,1,0,0,0,0,52.53441178057832,13.157148846092731,0,1,2,0
4005,205311,9,14,2,3,5,2,0,0,1,0,0,0,0,52.53863760569586,13.395629830537693,0,1,2,0
4006,205313,9,13,2,3,5,2,0,0,1,0,0,0,0,52.42130546505076,13.494678582329257,0,1,2,0
4007,205315,9,7,4,3,1,5,0,0,1,0,0,0,0,52.55272595501486,13.432710561708591,0,1,5,0
4008,205316,9,8,4,3,5,3,0,0,1,0,0,0,0,52.519663898250116,13.527798378549313,0,1,2,0
4009,205317,9,13,2,3,5,3,0,0,1,0,0,0,0,52.41368539178073,13.425826594359537,0,1,2,0
4010,205319,9,19,4,3,6,4,1,0,0,0,0,1,0,52.5222473451373,13.450122254069672,0,1,4,0
4011,205320,9,16,5,3,5,3,0,0,1,0,0,0,0,52.49436241126621,13.59859772591768,0,1,2,0
4012,205322,9,18,4,3,5,2,0,0,1,0,0,0,0,52.415030307935325,13.346247547028305,0,1,2,0
4013,205323,9,19,2,3,5,3,2,0,1,0,0,0,0,52.51888461394436,13.286624739980084,0,1,2,0
4014,205325,9,18,4,3,1,7,0,0,1,0,0,0,0,52.5362954112988,13.616906930989153,0,1,7,0
4015,205326,9,12,5,3,5,2,0,0,1,0,0,0,0,52.43168953944167,13.220283715323491,0,1,2,0
4016,205331,9,18,5,3,2,6,0,0,1,0,0,0,0,52.43082889112997,13.255597559442904,0,1,6,0
4017,205333,9,7,4,2,1,5,0,0,0,0,0,0,1,52.56579069850803,13.378331722000848,0,1,5,0
4018,205334,9,10,4,3,2,7,0,0,1,0,0,0,0,52.49360627613896,13.319516568544593,0,1,7,0
4019,205335,9,7,4,3,1,5,0,0,1,0,0,0,0,52.5716223555449,13.502029162100827,0,1,5,0
4020,205337,9,7,4,3,5,3,0,0,0,0,0,0,0,52.582887056564324,13.418546859370242,1,0,2,0
4021,205338,9,16,4,3,5,3,0,0,1,0,0,0,0,52.57651385735336,13.378356070760336,0,1,2,0
4022,205340,9,14,4,2,5,2,0,0,0,1,0,0,0,52.491841250978545,13.318805083731293,0,1,2,0
4023,205341,9,9,2,3,5,3,0,0,0,0,0,0,1,52.53894170963861,13.272464943009155,0,1,2,0
4024,205342,9,5,5,3,5,3,2,0,1,0,0,0,0,52.52291422306878,13.329915904360144,0,1,2,0
4025,205343,9,18,2,2,1,5,1,0,1,0,0,0,0,52.51204766043705,13.461711220920384,0,1,5,0
4026,205344,9,7,4,2,6,4,0,0,0,0,0,1,0,52.51523497467107,13.435906036152408,0,1,4,0
4027,205345,9,13,4,3,7,7,0,0,0,0,0,0,0,52.52681662805195,13.343183577150366,1,0,7,0
4028,205348,9,13,4,2,1,5,0,0,1,0,0,0,0,52.503691975967655,13.347092243937087,0,1,5,0
4029,205349,9,11,4,3,3,6,0,0,1,0,0,0,0,52.48166856676733,13.432205836042616,0,1,6,0
4030,205350,9,9,2,3,1,5,0,0,1,0,0,0,1,52.524475476230364,13.394905142723005,0,1,5,0
4031,205351,9,7,2,2,5,3,0,0,0,1,0,0,0,52.5438792806553,13.339086355102113,0,1,2,0
4032,205352,9,11,4,3,5,2,0,0,1,0,0,0,0,52.50460486303954,13.342783614979243,0,1,2,0
4033,205353,9,7,2,2,5,3,0,0,1,0,0,0,0,52.43592645718045,13.530059154545718,0,1,2,0
4034,205354,9,14,4,2,0,1,0,0,0,0,0,0,0,52.529152331071494,13.401728099406812,1,0,1,0
4035,205356,9,11,4,3,5,3,0,0,1,0,0,0,0,52.44211959551113,13.331357036324349,0,1,2,0
4036,205357,9,18,2,3,5,3,1,0,1,0,0,0,0,52.493764983021535,13.31016469597304,0,1,2,0
4037,205359,9,9,4,3,5,3,0,0,1,0,0,0,0,52.49980494930169,13.319169409027305,0,1,2,0
4038,205360,9,18,4,3,5,7,0,0,1,0,0,0,0,52.525595146242196,13.304785874249578,0,1,7,0
4039,205365,9,9,4,3,0,1,0,0,0,0,0,0,0,52.52848017261169,13.409204190605118,1,0,1,0
4040,205368,9,18,4,3,5,2,0,0,1,0,0,0,0,52.55599536346213,13.342069408964555,0,1,2,0
4041,205375,9,17,2,3,3,6,0,0,1,0,0,0,0,52.53436200217785,13.431149177525105,0,1,6,0
4042,205376,9,8,4,3,6,4,0,0,0,0,0,1,0,52.52751594667552,13.403060565849122,0,1,4,0
4043,205377,9,17,4,3,3,6,0,0,1,0,0,0,0,52.47881623818544,13.43764603984479,0,1,6,0
4044,205379,9,16,2,3,6,7,0,0,0,0,0,1,0,52.542459990040385,13.550485803712347,0,1,7,0
4045,205380,9,16,4,3,0,2,0,0,1,0,0,0,0,52.526166071758965,13.34302281233067,0,1,2,0
4046,205382,9,16,4,3,5,3,0,0,1,0,0,0,0,52.52740694365957,13.606456332376045,0,1,2,0
4047,205383,9,15,2,3,5,7,0,0,1,0,0,0,0,52.42121391519927,13.34986948642138,0,1,7,0
4048,205384,9,14,5,3,5,3,0,0,1,0,0,0,0,52.458768146267424,13.303815985364164,0,1,2,0
4049,205386,9,8,4,3,5,3,0,0,0,0,0,0,0,52.49983880394867,13.43185811227494,1,0,2,0
4050,205390,9,13,4,3,5,3,0,0,1,0,0,0,0,52.47280258240245,13.436182129240505,0,1,2,0
4051,205392,9,23,2,3,3,6,2,0,0,1,0,0,0,52.50706971472511,13.420245518047734,0,1,6,0
4052,205393,9,15,4,3,5,2,0,0,1,0,0,0,0,52.464870216229656,13.377453943028483,0,1,2,0
4053,205395,9,11,2,3,0,2,0,0,1,0,0,0,0,52.51636620009716,13.380837624019106,0,1,2,0
4054,205396,9,8,4,3,5,2,0,0,0,0,0,0,1,52.50548628097665,13.51386999180851,0,1,2,0
4055,205397,9,17,4,3,3,6,0,0,1,0,0,0,0,52.49324853710441,13.202111197549288,0,1,6,0
4056,205400,9,21,1,3,5,3,2,0,1,0,0,0,0,52.4860236699201,13.435256348872226,0,1,2,1
4057,205401,9,8,4,3,5,2,0,0,0,0,0,0,1,52.44411216192084,13.433408014673429,0,1,2,0
4058,205402,9,17,1,2,3,6,0,0,1,0,0,0,0,52.41623450786985,13.265792646355708,0,0,6,1
4059,205405,9,22,5,3,1,5,2,0,1,0,0,0,1,52.549808895611925,13.351128674265215,0,1,5,0
4060,205407,9,8,4,3,5,7,0,0,1,0,0,0,0,52.486059398305294,13.407220467400153,0,1,7,0
4061,205410,9,15,1,3,3,6,0,0,0,1,0,0,0,52.54641757662366,13.39922004041084,0,1,6,1
4062,205413,9,13,1,3,5,3,0,0,0,1,0,0,0,52.48242725654771,13.407309761915267,0,1,2,1
4063,205417,9,7,4,3,5,3,0,0,1,0,0,0,0,52.409329188451224,13.376116362243446,0,1,2,0
4064,205421,9,15,4,3,0,3,0,0,1,0,0,0,0,52.46964456936108,13.28468773461043,0,1,2,0
4065,205422,9,13,4,3,5,3,0,0,1,0,0,0,0,52.44042790375868,13.459089332497538,0,1,2,0
4066,205425,9,8,4,3,0,2,0,0,0,1,0,0,0,52.49026850257515,13.452097172106814,0,1,2,0
4067,205428,9,17,3,3,2,6,0,0,1,0,0,0,0,52.45537778082464,13.375597746373082,0,1,6,0
4068,205429,9,7,3,3,1,5,1,0,0,0,0,0,1,52.419441131825025,13.275192506877413,0,1,5,0
4069,205430,9,7,5,3,5,3,0,0,1,0,0,0,0,52.62761085769963,13.312223037791847,0,1,2,0
4070,205437,9,10,5,3,5,5,0,0,1,0,0,0,0,52.54999166253656,13.408710728703795,0,1,5,0
4071,205438,9,6,7,3,5,2,0,0,1,0,0,0,0,52.49592062470111,13.467404612639651,0,1,2,1
4072,205440,9,18,3,3,0,1,0,0,0,0,0,0,0,52.55505023965265,13.361218666206176,1,0,1,0
4073,205444,9,11,7,3,2,2,0,0,1,0,0,0,1,52.540509488165426,13.614754024036268,0,1,2,1
4074,205448,9,18,3,3,0,5,0,0,1,0,0,0,0,52.49778605558794,13.323286863940735,0,1,5,0
4075,205452,9,14,3,2,5,2,0,0,1,0,0,0,0,52.55543359716658,13.391554910589395,0,1,2,0
4076,205453,9,14,3,3,1,5,0,0,1,0,0,0,0,52.474025134353894,13.290365661321292,0,1,5,0
4077,205454,9,8,3,3,5,2,0,0,1,0,0,0,0,52.562644004679356,13.364348858565867,0,1,2,0
4078,205455,9,14,3,3,5,3,0,0,1,0,0,0,0,52.458127416804,13.329627706547553,0,1,2,0
4079,205456,9,18,5,3,4,6,0,0,1,0,0,0,0,52.61671087342922,13.242395716732776,0,0,6,0
4080,205457,9,9,3,3,4,2,0,0,1,0,0,0,0,52.51636620009716,13.380837624019106,0,1,2,0
4081,205461,9,16,3,3,1,5,0,0,0,0,0,0,1,52.54761178026778,13.413977132598104,0,1,5,0
4082,205469,9,16,2,3,2,2,0,1,1,0,0,0,0,52.53624923505678,13.37597979750814,0,1,2,0
4083,205473,9,13,3,3,5,2,0,0,1,0,0,0,0,52.52039544214354,13.475454959266527,0,1,2,0
4084,205476,9,16,6,3,5,3,0,0,0,0,0,0,1,52.48213820344984,13.525494555340593,0,1,2,0
4085,205479,9,15,5,3,5,2,0,0,1,0,0,0,0,52.5456869343783,13.194548693601508,0,1,2,0
4086,205480,9,15,2,3,0,5,0,0,1,0,0,0,0,52.5228255163713,13.406662507079115,0,1,5,0
4087,205481,9,18,4,3,6,4,1,0,0,0,0,1,0,52.49826607164608,13.359256879902865,0,1,4,0
4088,205482,9,15,2,2,6,4,0,0,0,0,0,1,0,52.50728284285372,13.179492838613445,0,1,4,0
4089,205485,9,15,2,3,5,2,0,1,0,0,0,0,1,52.53302369411918,13.198247941098538,0,1,2,0
4090,205486,9,16,4,3,5,3,0,0,1,0,0,0,0,52.543061774107116,13.411760397494845,0,1,2,0
4091,205487,9,15,2,2,3,6,0,1,1,0,0,0,0,52.53900993761914,13.535643753564193,0,1,6,0
4092,205491,9,15,6,3,5,2,0,0,1,0,0,0,0,52.51851331179285,13.385443619812634,0,1,2,0
4093,205492,9,18,5,3,5,2,1,0,1,0,0,0,0,52.5002042075134,13.300482376215765,0,1,2,0
4094,205493,9,10,3,2,5,2,0,0,0,0,1,0,0,52.45412001689498,13.318648385500998,0,1,2,0
4095,205500,9,11,3,2,1,5,0,0,1,0,0,0,0,52.466538470489155,13.330210107122936,0,1,5,0
4096,205502,9,20,5,3,5,2,2,0,1,0,0,0,0,52.5307726901109,13.347196799304161,0,1,2,0
4097,205505,9,8,5,3,3,6,0,0,1,0,0,0,0,52.48148096505982,13.430650189974465,0,1,6,0
4098,205506,9,10,3,2,5,3,0,0,1,0,0,0,0,52.51003671293314,13.400594646584187,0,1,2,0
4099,205507,9,21,2,2,5,3,1,0,1,0,0,0,0,52.41422408792847,13.350206162551006,0,1,2,0
4100,205510,9,9,4,3,0,6,0,0,0,0,0,0,1,52.55952439929375,13.315829712091565,0,1,6,0
4101,205511,9,17,2,3,5,3,0,1,1,0,0,0,0,52.51060360549228,13.297362993607564,0,1,2,0
4102,205513,9,17,3,3,5,2,0,0,0,0,0,0,0,52.51662245719368,13.380641943539992,1,0,2,0
4103,205515,9,18,5,3,5,2,1,0,1,0,0,0,0,52.58881935315858,13.388114226767405,0,1,2,0
4104,205519,9,17,2,3,3,6,0,1,1,0,0,0,0,52.505446991824144,13.334358519019995,0,0,6,0
4105,205522,9,10,4,3,0,3,0,0,1,0,0,0,0,52.53396278038095,13.405247866998222,0,1,2,0
4106,205531,9,15,4,3,3,6,0,0,1,0,0,0,0,52.63073148403985,13.503626033826787,0,1,6,0
4107,205536,9,15,6,3,5,3,0,0,0,1,0,0,0,52.50362811282057,13.44378057720335,0,1,2,0
4108,205537,9,11,6,3,5,2,0,0,1,0,0,0,0,52.48507916330058,13.330762468125643,0,1,2,0
4109,205538,9,8,3,3,3,6,0,0,1,0,0,0,0,52.52397325425103,13.379398310914507,0,1,6,0
4110,205539,9,11,2,3,5,2,0,0,1,0,0,0,0,52.518942851358794,13.428701179693851,0,1,2,0
4111,205541,9,8,6,3,5,2,0,0,0,0,0,0,1,52.51808415595979,13.38037240282885,0,1,2,0
4112,205543,9,15,5,3,6,4,0,0,0,0,0,1,0,52.53338213333839,13.206951587078835,0,1,4,0
4113,205545,9,23,4,2,3,6,2,0,1,0,0,0,0,52.46582614722248,13.377706759384642,0,1,6,0
4114,205547,9,11,2,3,0,2,0,1,1,0,0,0,0,52.56047020661511,13.333121841869463,0,1,2,0
4115,205548,9,10,3,3,5,3,0,0,1,0,0,0,0,52.42946298200499,13.32120184159761,0,1,2,0
4116,205550,9,8,6,2,5,2,0,0,1,0,0,0,0,52.51423560757689,13.336077030742214,0,1,2,0
4117,205551,9,9,5,3,1,5,0,0,1,0,0,0,0,52.47319496804674,13.377972184383465,0,1,5,0
4118,205552,9,8,3,3,5,2,0,0,1,0,0,0,0,52.50963398194038,13.351138636324857,0,1,2,0
4119,205553,9,8,2,3,5,3,0,0,1,0,0,0,0,52.607161367653504,13.423070860118306,0,1,2,0
4120,205558,9,8,2,3,0,3,0,1,0,0,0,0,1,52.51210123043918,13.317348124956705,0,1,2,0
4121,205560,9,13,4,3,5,2,0,0,1,0,0,0,0,52.564780388209456,13.461829653259453,0,1,2,0
4122,205565,9,17,3,3,5,2,0,0,1,0,0,0,0,52.49397423217232,13.285027687071409,0,1,2,0
4123,205567,9,12,5,3,0,7,0,0,0,0,0,0,0,52.52815690114301,13.377147567163016,1,0,7,0
4124,205573,9,17,5,3,5,2,0,0,1,0,0,0,0,52.513645986683734,13.296659812154136,0,1,2,0
4125,205578,9,17,4,3,5,2,0,0,1,0,0,0,0,52.49385870177577,13.454178420408244,0,1,2,0
4126,205582,9,16,1,3,5,3,1,1,0,0,0,0,1,52.543679069956205,13.42696769000001,0,1,2,1
4127,205586,9,15,4,3,0,2,0,0,0,0,0,0,1,52.55053416166825,13.466450982332928,0,1,2,0
4128,205587,9,13,1,3,0,3,0,1,1,0,0,0,0,52.56452043830536,13.57716375013174,0,1,2,1
4129,205589,9,12,1,2,5,3,0,0,1,0,0,0,0,52.51027898666419,13.501621633853686,0,1,2,1
4130,205591,9,11,1,3,3,6,0,0,1,0,0,0,0,52.4688807231424,13.298960979841087,0,1,6,1
4131,205593,9,20,3,3,5,2,2,0,1,0,0,0,0,52.49319883399965,13.36707985649924,0,1,2,0
4132,205595,9,15,6,3,5,3,0,0,1,0,0,0,0,52.43768601559513,13.563342725364555,0,1,2,0
4133,205597,9,19,3,3,5,2,1,0,1,0,0,0,0,52.45415919160098,13.328777014410667,0,1,2,0
4134,205600,9,8,1,3,5,3,0,0,1,0,0,0,0,52.51181640331234,13.32209209379306,0,1,2,1
4135,205604,9,18,3,3,5,3,0,0,1,0,0,0,0,52.48856143407279,13.34078462362801,0,1,2,0
4136,205606,9,14,6,3,6,4,0,0,0,0,0,1,0,52.52440304102119,13.395191999499652,0,1,4,0
4137,205607,9,8,5,2,3,6,0,0,1,0,0,0,0,52.46421220277313,13.513637278296466,0,1,6,0
4138,205612,9,15,6,3,5,2,0,0,1,0,0,0,0,52.461504532140744,13.518182148880813,0,1,2,0
4139,205613,9,14,5,3,1,5,0,0,0,0,0,0,1,52.55006664184893,13.464275460962774,0,1,5,0
4140,205616,9,11,5,3,5,3,0,0,1,0,0,0,0,52.46435560646509,13.437211551651664,0,1,2,0
4141,205619,9,12,4,3,0,5,0,0,0,0,0,0,1,52.51843550639555,13.461779497110715,0,1,5,0
4142,205620,9,12,7,3,3,6,0,1,1,0,0,0,0,52.46554377894835,13.347976829919727,0,1,6,1
4143,205625,9,16,1,3,4,6,0,0,1,0,0,0,0,52.49804995378624,13.469216832961939,0,1,6,1
4144,205626,9,20,5,2,0,3,2,0,1,0,0,0,0,52.55056325068595,13.475799364617007,0,1,2,0
4145,205629,9,15,1,3,2,6,0,0,1,0,0,0,0,52.453079765650514,13.574606976156122,0,0,6,1
4146,205632,9,8,7,3,5,3,0,0,1,0,0,0,0,52.50524523136957,13.331425570726411,0,1,2,1
4147,205634,9,12,5,2,5,3,0,0,1,0,0,0,0,52.588646371071775,13.429381980566747,0,1,2,0
4148,205635,9,11,1,2,0,7,0,0,0,0,0,0,0,52.46859546991265,13.499764125256188,1,0,7,1
4149,205651,9,18,7,2,5,3,0,0,1,0,0,0,0,52.50672799679205,13.278119988812715,0,1,2,1
4150,205652,9,19,3,3,0,2,0,0,1,0,0,0,0,52.52504431610304,13.39625327674459,0,1,2,0
4151,205655,9,16,3,3,5,2,0,0,0,0,1,0,0,52.531695889203924,13.30599259630677,0,1,2,0
4152,205657,9,7,4,3,5,2,0,0,1,0,0,0,0,52.48419111798617,13.39143563231459,0,1,2,0
4153,205665,9,7,6,3,5,3,0,0,1,0,0,0,0,52.473394089294345,13.427892184066419,0,1,2,0
4154,205667,9,15,4,3,5,2,0,0,1,0,0,0,0,52.4865276667149,13.424005625308235,0,1,2,0
4155,205668,9,22,6,3,6,4,2,1,0,0,0,1,0,52.52751945880675,13.296861905392918,0,1,4,0
4156,205670,9,7,6,3,5,3,0,0,1,0,0,0,0,52.55501383824173,13.383834280231989,0,1,2,0
4157,205671,9,13,3,3,1,5,0,0,1,0,0,0,0,52.4363252563978,13.403383154823574,0,1,5,0
4158,205672,9,7,6,3,5,7,0,0,1,0,0,0,0,52.495659971412046,13.455680374765755,0,1,7,0
4159,205675,9,0,6,3,0,1,2,0,0,0,0,0,0,52.51748977540301,13.410206202681358,1,0,1,0
4160,205676,9,13,7,3,5,2,0,0,1,0,0,0,0,52.423847975462216,13.251571117848439,0,1,2,1
4161,205677,9,16,3,2,5,3,0,0,1,0,0,0,0,52.489872027958384,13.353335550628787,0,1,2,0
4162,205678,9,7,6,3,4,6,0,0,1,0,0,0,0,52.532941757294395,13.398774633518714,0,0,6,0
4163,205680,9,14,5,3,5,7,0,0,1,0,0,0,0,52.45310695889757,13.390121261764527,0,1,7,0
4164,205685,9,17,5,3,5,2,0,0,0,0,0,0,1,52.554300676577355,13.40252519204514,0,1,2,0
4165,205688,9,15,4,2,0,7,0,1,0,0,0,0,0,52.52426891321082,13.24471155630652,1,0,7,0
4166,205690,9,17,7,3,5,3,0,0,1,0,0,0,0,52.49796674240896,13.34819497341609,0,1,2,1
4167,205696,9,17,5,3,5,3,0,0,0,0,0,0,0,52.41840067807314,13.505889319436085,1,0,2,0
4168,205698,9,16,3,3,0,2,0,0,0,0,1,0,0,52.50042864807582,13.27423574323704,0,1,2,0
4169,205700,9,13,7,3,1,5,0,0,1,0,0,0,0,52.480552489373466,13.423636714340851,0,1,5,1
4170,205705,9,16,6,2,5,2,0,0,1,0,0,0,0,52.53407091313999,13.559445727695367,0,1,2,0
4171,205707,9,19,6,2,5,3,2,1,1,0,0,0,0,52.503715790842044,13.410367313167573,0,1,2,0
4172,205714,9,7,7,3,6,7,0,0,0,0,0,1,0,52.431925054511176,13.454435368487776,0,1,7,1
4173,205715,9,9,5,3,0,6,0,0,1,0,0,0,0,52.50108800568475,13.419993565342324,0,1,6,0
4174,205719,9,4,7,3,3,6,2,0,0,0,0,0,1,52.57020961793511,13.53207188104357,0,1,6,1
4175,205727,9,17,6,3,2,7,0,0,1,0,0,0,0,52.43073708599493,13.34680616044632,0,1,7,0
4176,205731,9,17,6,3,2,7,0,1,1,0,0,0,0,52.521295468216245,13.402603895303855,0,1,7,0
4177,205732,9,19,6,3,5,3,2,0,1,0,0,0,0,52.61162475435896,13.482613520792393,0,1,2,0
4178,205735,9,17,6,3,5,3,0,0,1,0,0,0,0,52.556665501332816,13.514247481476707,0,1,2,0
4179,205736,9,19,5,3,5,2,1,0,0,1,0,0,0,52.508048163977044,13.426583103066838,0,1,2,0
4180,205738,9,15,6,3,5,3,0,0,1,0,0,0,0,52.51369596492789,13.441239361332164,0,1,2,0
4181,205743,9,15,6,3,5,5,0,0,1,0,0,0,0,52.51228770295146,13.39270652620334,0,1,5,0
4182,205744,9,15,4,3,5,3,0,0,1,0,0,0,0,52.47923731898778,13.601132048963027,0,1,2,0
4183,205746,9,16,6,3,2,6,0,0,1,0,0,0,0,52.54716204307882,13.416398781817524,0,1,6,0
4184,205747,9,15,3,3,5,3,0,0,1,0,0,0,0,52.5286533299434,13.481914702687526,0,1,2,0
4185,205749,9,18,5,3,5,3,0,0,1,0,0,0,0,52.45556580256426,13.453636013759324,0,1,2,0
4186,205750,9,19,6,3,5,3,1,0,1,0,0,0,0,52.51102010022732,13.461002083678036,0,1,2,0
4187,205751,9,14,6,3,5,3,0,0,1,0,0,0,0,52.53623829938946,13.602927659794323,0,1,2,0
4188,205764,9,14,6,3,5,3,0,0,0,0,0,0,1,52.49160023430666,13.435570272514086,0,1,2,0
4189,205765,9,9,6,2,5,3,0,0,1,0,0,0,0,52.38224302169672,13.409496919873991,0,1,2,0
4190,205766,9,16,6,3,2,6,0,0,1,0,0,0,0,52.51565519268778,13.390991561833427,0,1,6,0
4191,205767,9,12,6,3,0,1,0,0,0,0,0,0,0,52.51907786272565,13.391342468479142,1,0,1,0
4192,205771,9,13,6,3,5,3,0,0,1,0,0,0,0,52.46904314101978,13.332457220005072,0,1,2,0
4193,205774,9,14,6,3,5,3,0,0,0,0,0,0,1,52.50579337036744,13.321541109063844,0,1,2,0
4194,205776,9,14,6,3,1,5,0,0,1,0,0,0,0,52.54341388893675,13.230028602531824,0,1,5,0
4195,205778,9,13,6,3,2,2,0,0,0,0,0,0,1,52.420091601412494,13.43820086116416,0,1,2,0
4196,205784,9,9,6,3,5,2,0,0,1,0,0,0,0,52.43191138211811,13.277753871064336,0,1,2,0
4197,205787,9,13,6,3,5,2,0,0,1,0,0,0,0,52.49579595322736,13.52422587832735,0,1,2,0
4198,205789,9,9,6,3,2,6,0,0,1,0,0,0,0,52.52737876372402,13.343192490251989,0,1,6,0
4199,205790,9,12,6,3,3,6,0,0,1,0,0,0,0,52.49911833639785,13.316462804558165,0,1,6,0
4200,205793,9,12,6,2,5,2,0,0,0,0,0,0,1,52.517025870707634,13.354668280464852,0,1,2,0
4201,205794,9,12,6,3,2,6,0,0,1,0,0,0,0,52.51123868824686,13.401187616762135,0,0,6,0
4202,205795,9,11,5,3,5,3,0,0,1,0,0,0,0,52.420342243066386,13.167188241242561,0,1,2,0
4203,205797,9,11,6,3,5,2,0,0,1,0,0,0,0,52.44544682191671,13.340339130365072,0,1,2,0
4204,205803,9,9,6,3,0,3,0,0,1,0,0,0,0,52.48821321197703,13.426872599069279,0,1,2,0
4205,205804,9,12,6,3,5,3,0,0,1,0,0,0,0,52.49527447638116,13.366176252777256,0,1,2,0
4206,205808,9,12,5,3,0,1,0,0,0,0,0,0,0,52.4959393023443,13.346156911926437,1,0,1,0
4207,205809,9,8,4,3,5,2,0,0,1,0,0,0,0,52.5361596424235,13.473699282772088,0,1,2,0
4208,205813,10,19,3,3,1,5,2,0,1,0,0,0,0,52.48770167956764,13.43854068628341,0,1,5,0
4209,205814,10,11,6,1,5,2,0,0,0,0,1,0,0,52.42849635370365,13.51955676717409,0,1,2,0
4210,205816,10,19,3,3,5,3,2,0,1,0,0,0,0,52.4966430398262,13.486109125157892,0,1,2,0
4211,205818,10,13,3,3,5,3,0,0,1,0,0,0,0,52.498508473251974,13.403084134047155,0,1,2,0
4212,205819,10,17,5,3,5,3,0,0,1,0,0,0,0,52.41236909245699,13.260389457880724,0,1,2,0
4213,205820,10,18,3,3,1,5,2,0,1,0,0,0,1,52.551403568631116,13.383212014240339,0,1,5,0