Unnamed: 0,OBJECTID,UMONAT,USTUNDE,UWOCHENTAG,UKATEGORIE,UART,UTYP1,ULICHTVERH,STRZUSTAND,IstPKW,IstKrad,IstGkfz,IstFuss,IstSonstige,lat,lon,alone,not_alone,UTYP2,weekend
4214,205828,10,18,3,2,5,2,0,0,1,0,0,0,0,52.47925602832027,13.60098247887268,0,1,2,0
4215,205830,10,15,5,3,5,3,0,0,1,0,0,0,0,52.52339574812552,13.40731119583023,0,1,2,0
4216,205833,10,17,3,2,5,3,0,0,0,0,0,0,0,52.462147939535036,13.515334528944873,1,0,2,0
4217,205836,10,16,3,3,5,2,0,0,1,0,0,0,0,52.48414244751935,13.456109560568375,0,1,2,0
4218,205840,10,11,3,3,1,5,0,0,1,0,0,0,0,52.5010681968927,13.375042023912847,0,1,5,0
4219,205844,10,9,5,3,0,2,0,0,1,0,0,0,0,52.52095770872034,13.321528759286444,0,1,2,0
4220,205848,10,8,5,3,5,3,0,0,1,0,0,0,0,52.53887144538026,13.360323317643447,0,1,2,0
4221,205849,10,8,5,3,6,7,0,0,0,0,0,1,1,52.56193264906002,13.405176809992875,0,1,7,0
4222,205854,10,7,5,3,5,2,0,0,1,0,0,0,0,52.55498399642144,13.574477993841555,0,1,2,0
4223,205857,10,9,3,3,5,3,0,0,1,0,0,0,0,52.50859140732168,13.390257105293353,0,1,2,0
4224,205861,10,8,3,3,5,2,0,0,1,0,0,0,0,52.506901057442654,13.394405341230707,0,1,2,0
4225,205868,10,7,3,3,5,2,1,0,1,0,0,0,0,52.44703037359585,13.315175411017174,0,1,2,0
4226,205869,10,11,5,3,5,3,0,0,1,0,0,0,0,52.479189790421714,13.449543886211574,0,1,2,0
4227,205873,10,22,5,3,5,2,2,0,1,0,0,0,0,52.52058303514862,13.34140949211639,0,1,2,0
4228,205876,10,18,5,3,5,3,1,0,1,0,0,0,0,52.50315407962891,13.394991356200904,0,1,2,0
4229,205877,10,9,2,3,4,6,0,0,1,0,0,0,0,52.47842640435363,13.344209218918664,0,0,6,0
4230,205878,10,18,5,3,5,3,0,0,1,0,0,0,0,52.5159099702877,13.426109072277875,0,1,2,0
4231,205880,10,17,5,3,5,2,0,0,1,0,0,0,0,52.51306263513559,13.288301536278338,0,1,2,0
4232,205881,10,17,2,3,3,2,1,0,1,0,0,0,0,52.51576398799425,13.412377920824639,0,1,2,0
4233,205882,10,17,5,2,5,3,0,0,1,0,0,0,0,52.52071775530244,13.4154720516412,0,1,2,0
4234,205883,10,17,2,3,6,7,0,0,0,0,0,1,0,52.455396313023776,13.42905276943481,0,1,7,0
4235,205884,10,17,5,2,5,2,0,0,1,0,0,0,0,52.41614920577449,13.532151652414186,0,1,2,0
4236,205885,10,17,2,3,5,3,0,0,1,0,0,0,0,52.50525600838272,13.61561955537075,0,1,2,0
4237,205888,10,16,2,3,0,7,0,0,1,0,0,0,0,52.53246767137705,13.396873297934349,0,1,7,0
4238,205889,10,10,5,3,5,3,0,0,1,0,0,0,0,52.548701051996936,13.413259829934654,0,1,2,0
4239,205891,10,10,5,3,5,2,0,0,0,0,0,0,1,52.48198920791646,13.433590001860251,0,1,2,0
4240,205893,10,20,4,2,0,7,2,0,0,0,0,0,0,52.535130106659146,13.491600748519465,1,0,7,0
4241,205901,10,15,2,3,5,5,0,0,1,0,0,0,0,52.52128343547601,13.431758228972384,0,1,5,0
4242,205903,10,20,2,3,5,2,1,0,0,0,0,0,1,52.5199615002982,13.416361627905113,0,1,2,0
4243,205905,10,15,2,3,0,1,0,0,0,0,0,0,0,52.52459318201046,13.403095503493311,1,0,1,0
4244,205907,10,17,5,3,2,2,0,0,1,0,0,0,0,52.48947189002875,13.324685128447845,0,1,2,0
4245,205913,10,15,5,3,0,3,0,0,1,0,0,0,0,52.56479631527712,13.328432284418971,0,1,2,0
4246,205916,10,14,2,3,5,2,0,0,1,0,0,0,0,52.511027912467135,13.430493301374927,0,1,2,0
4247,205920,10,15,2,3,5,2,0,0,1,0,0,0,0,52.54851330717893,13.33629578154547,0,1,2,0
4248,205921,10,12,5,3,5,2,0,0,0,0,0,0,1,52.496076901925385,13.287688712748661,0,1,2,0
4249,205923,10,12,5,3,5,2,0,0,1,0,0,0,0,52.60546149988818,13.417163734058411,0,1,2,0
4250,205925,10,16,5,3,0,2,0,0,1,0,0,0,0,52.48989129947625,13.382236025364433,0,1,2,0
4251,205928,10,16,5,3,5,2,0,0,1,0,0,0,0,52.5622252919452,13.35390395799851,0,1,2,0
4252,205929,10,9,2,3,5,3,0,0,0,0,0,0,0,52.51108848396215,13.430674849876366,1,0,2,0
4253,205933,10,16,5,3,2,2,0,0,1,0,0,0,0,52.41781952009352,13.28688758409297,0,1,2,0
4254,205934,10,11,2,3,2,7,0,0,1,0,0,0,0,52.495009703603,13.323829780798027,0,1,7,0
4255,205937,10,16,5,3,1,5,0,0,1,0,0,0,0,52.431650447731705,13.53548957577868,0,1,5,0
4256,205939,10,15,5,3,5,3,0,0,1,0,0,0,0,52.49387081505175,13.454322394393161,0,1,2,0
4257,205940,10,11,2,3,5,2,0,0,1,0,0,0,0,52.455639616518745,13.554783992577214,0,1,2,0
4258,205941,10,20,3,3,0,5,2,1,0,0,0,0,1,52.511932557726965,13.474830363656418,0,1,5,0
4259,205942,10,15,5,3,3,6,0,0,1,0,0,0,0,52.506769497903385,13.294831860699091,0,1,6,0
4260,205943,10,11,2,3,5,2,0,0,1,0,0,0,0,52.44278016564397,13.240325771316098,0,1,2,0
4261,205953,10,13,3,3,1,5,0,1,1,0,0,0,0,52.54759507686245,13.412190867639588,0,1,5,0
4262,205956,10,15,5,3,5,2,0,0,0,1,0,0,0,52.43660968862125,13.472001885990071,0,1,2,0
4263,205963,10,13,1,3,2,2,0,0,1,0,0,0,0,52.512405669206,13.452871170308125,0,1,2,1
4264,205979,10,11,3,3,5,3,0,0,1,0,0,0,0,52.50376449296852,13.494580418124487,0,1,2,0
4265,205983,10,15,1,3,1,5,0,0,1,0,0,0,0,52.49494416451513,13.37967665701911,0,1,5,1
4266,205989,10,14,7,3,6,7,0,0,0,0,0,1,0,52.485577766104825,13.344239027910874,0,1,7,1
4267,205995,10,8,3,3,5,2,0,0,1,0,0,0,0,52.51150978240867,13.281467361912712,0,1,2,0
4268,205996,10,22,7,3,3,6,2,0,0,0,0,0,1,52.525852299270746,13.38733328661686,0,1,6,1
4269,205999,10,7,3,3,2,2,0,0,1,0,0,0,0,52.50930468079657,13.268647355272849,0,1,2,0
4270,206006,10,19,3,3,5,3,2,1,1,0,0,0,0,52.510090266922944,13.376398938086385,0,1,2,0
4271,206007,10,20,7,3,5,2,2,0,1,0,0,0,0,52.45259862580895,13.319643901191402,0,1,2,1
4272,206008,10,20,5,3,0,3,2,0,1,0,0,0,0,52.48406206143804,13.345376462674869,0,1,2,0
4273,206012,10,12,5,3,5,3,0,0,0,0,0,0,1,52.55603578858,13.384224736400256,0,1,2,0
4274,206017,10,8,7,3,6,4,0,0,0,0,0,1,0,52.52575842943981,13.400567970270547,0,1,4,1
4275,206019,10,17,7,3,1,5,1,0,1,0,0,0,0,52.4640400465693,13.437308949032918,0,1,5,1
4276,206026,10,9,4,3,5,2,0,0,1,0,0,0,0,52.4893154026686,13.376707904267864,0,1,2,0
4277,206027,10,17,3,3,5,2,0,1,1,0,0,0,0,52.531862263069364,13.343363230499225,0,1,2,0
4278,206030,10,15,4,3,5,2,0,0,1,0,0,0,0,52.505623629354226,13.516402597137748,0,1,2,0
4279,206031,10,17,3,3,5,3,0,1,1,0,0,0,0,52.565504238488295,13.209267619909472,0,1,2,0
4280,206033,10,2,7,3,5,2,2,0,1,0,0,0,0,52.5176089907444,13.363588927783685,0,1,2,1
4281,206035,10,0,7,3,5,3,2,0,1,0,0,0,0,52.548988953737,13.583355481165096,0,1,2,1
4282,206039,10,18,4,3,3,6,1,0,0,0,0,0,1,52.5110251130274,13.46138503284478,0,1,6,0
4283,206042,10,16,3,3,5,2,0,1,0,0,0,0,1,52.57182071739507,13.429682621282367,0,1,2,0
4284,206044,10,16,7,3,5,3,0,0,1,0,0,0,0,52.50369288157758,13.30368201282521,0,1,2,1
4285,206048,10,19,4,3,0,7,1,0,1,0,0,0,0,52.49839831655012,13.44692842195586,0,1,7,0
4286,206052,10,15,7,3,6,4,0,0,0,0,0,1,0,52.50864706929705,13.450489495816992,0,1,4,1
4287,206053,10,14,3,3,5,2,0,1,1,0,0,0,0,52.43316943924732,13.259507654440904,0,1,2,0
4288,206055,10,18,4,3,1,5,2,0,1,0,0,0,0,52.48275417383983,13.448134870087195,0,1,5,0
4289,206056,10,14,7,3,3,6,0,0,1,0,0,0,0,52.44272533568752,13.581684822337143,0,0,6,1
4290,206058,10,18,4,3,2,6,1,0,1,0,0,0,0,52.488894005919725,13.397888988180714,0,0,6,0
4291,206060,10,17,4,3,0,1,0,0,0,0,0,0,0,52.55963015497325,13.460412207617393,1,0,1,0
4292,206062,10,17,4,3,5,2,0,0,1,0,0,0,0,52.50394098527182,13.443228243822595,0,1,2,0
4293,206063,10,13,7,3,5,3,0,0,0,0,0,0,0,52.45213917092797,13.630643018296686,1,0,2,1
4294,206069,10,12,7,3,5,2,0,0,1,0,0,0,0,52.578569812370425,13.29893823229064,0,1,2,1
4295,206073,10,16,2,3,0,2,0,1,1,0,0,0,0,52.449237467878454,13.353237652701047,0,1,2,0
4296,206075,10,17,2,3,5,3,0,0,1,0,0,0,0,52.562091048515164,13.354081587705927,0,1,2,0
4297,206076,10,20,6,3,5,3,2,0,1,0,0,0,0,52.51845030111629,13.409437085768161,0,1,2,0
4298,206077,10,16,4,3,2,2,0,0,1,0,0,0,0,52.477835393178395,13.536065374453466,0,1,2,0
4299,206078,10,17,2,3,0,2,0,1,1,0,0,0,0,52.48173311284594,13.32035108811263,0,1,2,0
4300,206080,10,19,6,3,5,2,2,0,1,0,0,0,0,52.518178746355616,13.594673057295115,0,1,2,0
4301,206082,10,22,2,3,6,4,2,0,0,0,0,1,0,52.48045268000229,13.442475641609626,0,1,4,0
4302,206085,10,20,2,3,5,3,2,0,1,0,0,0,0,52.529745866152446,13.461146897443607,0,1,2,0
4303,206086,10,17,2,2,5,3,0,1,1,0,0,0,0,52.50257596160184,13.509658922112644,0,1,2,0
4304,206087,10,18,6,3,5,3,0,0,1,0,0,0,0,52.57767595068397,13.428479423115158,0,1,2,0
4305,206088,10,17,2,2,2,2,0,0,1,0,0,0,0,52.512825869734534,13.283956306135506,0,1,2,0
4306,206091,10,15,2,3,5,2,0,0,1,0,0,0,0,52.472377630825264,13.377819913072814,0,1,2,0
4307,206095,10,15,4,3,5,2,0,0,1,0,0,0,0,52.50769786005666,13.465343945420955,0,1,2,0
4308,206101,10,21,6,3,5,3,2,0,1,0,0,0,0,52.442116356360785,13.331359323982966,0,1,2,0
4309,206103,10,12,4,2,5,3,0,0,1,0,0,0,0,52.441554834151574,13.281212937678545,0,1,2,0
4310,206104,10,17,6,2,5,2,1,0,1,0,0,0,0,52.47490233040836,13.50771549564834,0,1,2,0
4311,206109,10,15,6,3,5,3,0,0,1,0,0,0,0,52.49371000103922,13.614476902772148,0,1,2,0
4312,206113,10,13,2,3,1,5,0,1,1,0,0,0,1,52.505074186235255,13.338178997039233,0,1,5,0
4313,206115,10,15,6,3,5,7,0,0,1,0,0,0,0,52.475796240427464,13.120569812222474,0,1,7,0
4314,206119,10,7,2,3,5,3,0,0,1,0,0,0,0,52.539538054757365,13.619954548391336,0,1,2,0
4315,206120,10,7,6,3,5,3,0,0,0,0,0,0,1,52.51807933663478,13.432946622531743,0,1,2,0
4316,206121,10,13,4,3,3,6,0,0,1,0,0,0,0,52.49745272202053,13.292325077000987,0,1,6,0
4317,206122,10,15,6,3,0,2,0,0,1,0,0,0,0,52.448153763610236,13.339983569286034,0,1,2,0
4318,206123,10,17,2,3,5,2,0,1,0,1,0,0,0,52.5095157551723,13.400043568175075,0,1,2,0
4319,206125,10,16,6,3,6,4,0,0,0,0,0,1,0,52.52564142909393,13.403620675056288,0,1,4,0
4320,206128,10,12,4,3,5,3,0,0,0,0,0,0,1,52.47031689705433,13.464580152389429,0,1,2,0
4321,206131,10,12,4,3,5,3,0,0,1,0,0,0,0,52.47931579131588,13.600943828385839,0,1,2,0
4322,206133,10,11,4,3,5,3,0,0,1,0,0,0,0,52.42715089390392,13.5450618673499,0,1,2,0
4323,206137,10,13,2,3,1,5,0,0,1,0,0,0,1,52.474395691507645,13.29465391649217,0,1,5,0
4324,206138,10,16,6,2,0,1,0,0,0,0,0,0,0,52.427364779884975,13.30505623281662,1,0,1,0
4325,206139,10,8,2,3,0,3,0,0,0,0,0,0,1,52.43389062761487,13.230047759677564,0,1,2,0
4326,206141,10,9,4,3,3,6,0,0,1,0,0,0,0,52.49970914324192,13.418156559233587,0,1,6,0
4327,206143,10,7,2,3,0,7,0,0,0,0,0,0,1,52.51785363322102,13.461489579926974,0,1,7,0
4328,206144,10,9,4,3,5,3,0,0,1,0,0,0,0,52.602505258311005,13.238769588265061,0,1,2,0
4329,206146,10,9,4,3,5,2,0,0,0,0,0,0,1,52.517270635359104,13.440684849458243,0,1,2,0
4330,206147,10,7,2,2,5,2,0,0,1,0,0,0,0,52.49276722973357,13.387837502438481,0,1,2,0
4331,206148,10,15,4,3,0,2,0,0,1,0,0,0,0,52.50543455602582,13.233621692114149,0,1,2,0
4332,206149,10,13,6,3,1,5,0,0,1,0,0,0,1,52.510580221347844,13.429166313475275,0,1,5,0
4333,206151,10,8,2,2,0,2,0,0,1,0,0,0,0,52.48088113401805,13.287749461555189,0,1,2,0
4334,206153,10,9,2,3,6,4,0,0,0,0,0,1,0,52.52552510558496,13.36601233138315,0,1,4,0
4335,206154,10,8,4,3,3,6,0,0,1,0,0,0,0,52.49889910197546,13.418648158391823,0,1,6,0
4336,206157,10,11,2,3,5,3,0,0,1,0,0,0,0,52.510408413217796,13.430429747820703,0,1,2,0
4337,206159,10,7,2,3,5,2,0,0,0,0,0,0,1,52.57475759357446,13.373463785977115,0,1,2,0
4338,206160,10,8,4,2,3,6,0,0,0,0,0,0,1,52.53292734862669,13.328268687643435,0,1,6,0
4339,206164,10,7,4,3,5,2,0,0,1,0,0,0,0,52.56710824605722,13.46536776470594,0,1,2,0
4340,206165,10,7,2,2,0,7,0,0,0,0,0,0,0,52.50379616530012,13.410445432712285,1,0,7,0
4341,206166,10,7,4,3,5,3,0,0,1,0,0,0,0,52.47778330203364,13.447865632944564,0,1,2,0
4342,206170,10,19,4,3,5,2,2,0,0,0,0,0,1,52.50963474759326,13.351144253435429,0,1,2,0
4343,206171,10,10,6,3,5,2,0,0,1,0,0,0,0,52.496251047923145,13.509569336346088,0,1,2,0
4344,206174,10,13,6,3,5,2,0,0,1,0,0,0,0,52.455772328562496,13.577164792198,0,1,2,0
4345,206175,9,12,1,3,6,4,0,0,0,0,0,1,0,52.4412279849976,13.282546831360753,0,1,4,1
4346,206177,10,9,6,3,2,1,0,0,1,0,0,0,0,52.53987417261545,13.537705561085145,0,1,1,0
4347,206180,10,15,3,3,1,5,0,0,1,0,0,0,0,52.500180884148776,13.309562253704556,0,1,5,0
4348,206181,10,9,6,3,2,2,0,0,1,0,0,0,0,52.47041105635257,13.441604131120947,0,1,2,0
4349,206183,10,16,3,3,1,5,0,0,1,0,0,0,0,52.49890339083912,13.349462262876651,0,1,5,0
4350,206188,9,0,1,3,0,1,2,0,1,0,0,0,0,52.49659746245336,13.358955780161418,0,1,1,1
4351,206189,10,15,3,3,0,2,0,0,1,0,0,0,0,52.49118203154718,13.575842634536553,0,1,2,0
4352,206190,10,9,6,3,3,2,0,0,1,0,0,0,0,52.524742189295594,13.386324544343312,0,1,2,0
4353,206191,10,22,3,3,5,2,2,0,1,0,0,0,0,52.53051887337753,13.405818236942848,0,1,2,0
4354,206192,9,20,1,3,5,3,2,0,1,0,0,0,0,52.478718278677064,13.434681119858672,0,1,2,1
4355,206194,10,8,6,3,5,3,0,0,1,0,0,0,0,52.51690339488656,13.380654827400893,0,1,2,0
4356,206198,9,18,1,3,5,2,0,0,1,0,0,0,0,52.43697336822956,13.596897501705909,0,1,2,1
4357,206200,10,7,2,3,3,6,0,0,1,0,0,0,1,52.386696848286064,13.408184793730266,0,1,6,0
4358,206202,10,8,5,3,5,2,0,0,1,0,0,0,0,52.47880592507504,13.320205239272408,0,1,2,0
4359,206204,10,16,5,3,5,2,0,0,1,0,0,0,0,52.51026914823697,13.470770744738063,0,1,2,0
4360,206207,10,8,5,3,5,7,0,0,1,0,0,0,0,52.49061699221835,13.43461918276279,0,1,7,0
4361,206208,10,14,2,2,5,3,0,0,1,0,0,0,0,52.40231774249117,13.577611374282426,0,1,2,0
4362,206209,10,6,3,3,5,3,2,0,1,0,0,0,0,52.44788142514597,13.593887110764207,0,1,2,0
4363,206210,10,14,2,3,0,1,0,0,0,0,0,0,0,52.54057974666768,13.411861675415732,1,0,1,0
4364,206211,10,15,5,3,5,3,0,0,1,0,0,0,0,52.55346808314509,13.418510302337866,0,1,2,0
4365,206212,10,13,2,3,5,3,0,0,1,0,0,0,0,52.54065865166689,13.204249825972095,0,1,2,0
4366,206213,10,12,3,3,0,1,0,1,0,0,0,0,0,52.52846347901365,13.385674935442815,1,0,1,0
4367,206214,10,15,5,2,5,7,1,0,1,0,0,0,0,52.53302038264518,13.154491220324054,0,1,7,0
4368,206215,10,18,2,3,7,7,2,1,0,0,0,0,0,52.45897987929063,13.34935361226526,1,0,7,0
4369,206216,10,14,5,2,5,3,0,0,1,0,0,0,0,52.42464856307846,13.356790512343828,0,1,2,0
4370,206217,10,13,2,3,5,3,0,1,0,0,0,0,1,52.50039768744894,13.311685101258025,0,1,2,0
4371,206220,10,14,2,3,5,3,0,0,1,0,0,0,0,52.55221385104288,13.426984038871527,0,1,2,0
4372,206225,10,11,2,3,5,2,0,1,1,0,0,0,0,52.51031620862992,13.384016339320956,0,1,2,0
4373,206230,10,10,5,3,0,1,0,0,0,0,0,0,0,52.53035870995666,13.401753968791844,1,0,1,0
4374,206231,10,11,2,3,5,7,0,0,1,0,0,0,0,52.5495877161728,13.433842913261724,0,1,7,0
4375,206232,10,10,2,2,5,3,0,0,1,0,0,0,0,52.49943265457996,13.281299196124651,0,1,2,0
4376,206236,10,8,5,3,5,3,0,0,0,0,0,0,1,52.53582591878315,13.348513956233358,0,1,2,0
4377,206237,10,11,2,3,5,3,0,0,1,0,0,0,0,52.48160462947681,13.440031774770153,0,1,2,0
4378,206239,10,8,5,3,1,5,0,0,1,0,0,0,0,52.55280882775708,13.341138053045881,0,1,5,0
4379,206245,10,10,2,3,5,2,0,0,1,0,0,0,0,52.445553611409395,13.26775417225151,0,1,2,0
4380,206248,10,7,5,3,3,6,0,0,1,0,0,0,0,52.490056565685826,13.386918378987687,0,1,6,0
4381,206249,10,9,2,3,5,3,0,0,1,0,0,0,0,52.540648788596926,13.204240856710744,0,1,2,0
4382,206253,10,9,2,3,5,3,0,0,0,0,0,0,0,52.4701857113166,13.341999783049822,1,0,2,0
4383,206258,10,15,5,3,5,2,2,0,1,0,0,0,0,52.5542601725733,13.402600225725054,0,1,2,0
4384,206259,10,9,2,3,4,2,0,0,1,0,0,0,0,52.546059439112774,13.450269666301038,0,1,2,0
4385,206261,10,15,2,3,5,3,0,1,1,0,0,0,0,52.48494772513095,13.376501037715185,0,1,2,0
4386,206262,10,9,2,3,6,4,0,0,0,0,0,1,0,52.51790919968725,13.417852888154005,0,1,4,0
4387,206263,10,12,4,3,5,2,0,0,1,0,0,0,0,52.4945669074238,13.399048538344312,0,1,2,0
4388,206264,10,9,2,3,1,5,0,0,1,0,0,0,0,52.51256288348093,13.266787306274285,0,1,5,0
4389,206265,10,8,2,3,0,3,0,0,1,0,0,0,0,52.52942604773202,13.379410956981351,0,1,2,0
4390,206266,10,12,2,3,2,6,0,0,1,0,0,0,0,52.506700292664824,13.331158169492047,0,1,6,0
4391,206267,10,18,4,3,1,5,1,0,1,0,0,0,0,52.50779302824878,13.314389566620575,0,1,5,0
4392,206268,10,14,2,2,5,3,0,0,0,0,0,0,1,52.42869612466871,13.345630195982725,0,1,2,0
4393,206275,10,17,4,3,5,3,0,0,0,1,0,0,0,52.51530704392074,13.430686382149643,0,1,2,0
4394,206276,10,16,4,3,5,2,0,0,1,0,0,0,0,52.46493787208254,13.418827934027865,0,1,2,0
4395,206279,10,13,1,2,5,2,0,0,1,0,0,0,0,52.4276170507119,13.468081651502526,0,1,2,1
4396,206281,10,18,4,3,5,3,1,0,1,0,0,0,0,52.542073173021095,13.453370923877694,0,1,2,0
4397,206285,10,11,1,2,5,2,0,0,1,0,0,0,0,52.53452736503446,13.199647574156787,0,1,2,1
4398,206287,10,11,1,3,1,5,0,0,1,0,0,0,0,52.51405707620776,13.303020313614109,0,1,5,1
4399,206288,10,18,4,3,5,2,2,0,1,0,0,0,0,52.5121142288453,13.314788611262653,0,1,2,0
4400,206293,10,9,1,3,5,3,0,0,1,0,0,0,0,52.56391606187304,13.498435588374207,0,1,2,1
4401,206296,10,9,1,2,6,4,0,0,0,0,0,1,0,52.4423611434061,13.582060395131226,0,1,4,1
4402,206302,10,16,4,3,0,1,0,0,0,0,0,0,0,52.42838763407298,13.584807445437658,1,0,1,0
4403,206309,10,15,4,3,0,1,0,1,0,0,0,0,0,52.57905006821407,13.309049706948533,1,0,1,0
4404,206311,10,19,2,2,5,2,2,0,0,0,0,0,1,52.46085093698431,13.384708085627782,0,1,2,0
4405,206317,10,18,1,3,0,7,1,1,0,0,0,0,1,52.50857596951575,13.334293395384572,0,1,7,1
4406,206320,10,14,4,2,5,2,0,0,1,0,0,0,0,52.44281573105485,13.582066191566872,0,1,2,0
4407,206322,10,18,2,3,1,5,1,0,1,0,0,0,0,52.44715238666632,13.307934389506796,0,1,5,0
4408,206323,10,13,4,3,2,7,0,0,1,0,0,0,0,52.54593108954784,13.19164591140374,0,1,7,0
4409,206325,10,17,2,3,0,1,1,1,0,0,0,0,0,52.51274119980545,13.450822727815394,1,0,1,0
4410,206326,10,8,4,3,5,2,0,0,1,0,0,0,0,52.45366912876821,13.377147041465587,0,1,2,0
4411,206327,10,13,1,3,0,7,0,0,1,0,0,0,0,52.5351976138296,13.37727716806258,0,1,7,1
4412,206328,10,17,2,3,1,5,0,1,0,0,0,0,1,52.500927757578715,13.427771228149815,0,1,5,0
4413,206330,10,7,4,3,4,6,0,0,1,0,0,0,0,52.48662959548985,13.326591968024385,0,0,6,0
4414,206331,10,13,4,3,5,3,0,0,0,0,0,0,0,52.51201012880777,13.350651646789453,1,0,2,0
4415,206334,10,5,1,2,1,1,2,0,1,0,0,0,0,52.53115941124564,13.402436909546285,0,1,1,1
4416,206335,10,14,7,3,1,5,0,0,1,0,0,0,0,52.48835862914602,13.454827385174505,0,1,5,1
4417,206336,10,6,4,3,5,3,1,0,1,0,0,0,0,52.51802984814814,13.519393156391251,0,1,2,0
4418,206340,10,12,4,3,5,2,0,0,1,0,0,0,0,52.532535089555175,13.380611628526909,0,1,2,0
4419,206343,10,11,4,3,1,5,0,0,1,0,0,0,0,52.5189815612116,13.480994347503517,0,1,5,0
4420,206344,10,6,4,3,5,2,1,0,1,0,0,0,0,52.54480834333196,13.37864000943557,0,1,2,0
4421,206353,10,17,7,2,5,2,0,0,0,0,0,0,1,52.50124114815787,13.346277414212219,0,1,2,1
4422,206356,10,17,1,3,5,3,0,0,1,0,0,0,0,52.5699132329655,13.435645687959347,0,1,2,1
4423,206361,10,16,7,2,5,2,0,0,1,0,0,0,0,52.54207547235027,13.349594893741404,0,1,2,1
4424,206362,10,16,7,3,5,2,0,0,1,0,0,0,0,52.45692059257296,13.320838875889914,0,1,2,1
4425,206364,10,20,4,3,0,2,2,0,1,0,0,0,0,52.562898172432355,13.390343550945584,0,1,2,0
4426,206365,10,13,1,3,1,5,0,0,1,0,0,0,0,52.49792988203047,13.421309563710727,0,1,5,1
4427,206366,10,9,4,3,1,5,0,0,0,0,1,0,0,52.504102194506686,13.340265090746545,0,1,5,0
4428,206373,10,15,7,3,2,6,0,0,1,0,0,0,0,52.51246269492373,13.297102604348854,0,0,6,1
4429,206377,10,13,7,3,5,2,0,0,1,0,0,0,0,52.59583154230445,13.339210234692128,0,1,2,1
4430,206383,10,19,4,3,1,5,2,0,1,0,0,0,0,52.512187625406646,13.461167236654079,0,1,5,0
4431,206384,10,17,7,3,1,5,1,0,1,0,0,0,1,52.50034508405669,13.418620083613211,0,1,5,1
4432,206388,10,16,7,2,6,7,0,0,0,0,0,1,0,52.52445451360505,13.618260462367287,0,1,7,1
4433,206390,10,14,7,3,1,5,0,0,1,0,0,0,0,52.49842205348641,13.465331795515691,0,1,5,1
4434,206393,10,13,7,3,1,1,0,0,1,0,0,0,0,52.42456570420319,13.228512348479585,0,1,1,1
4435,206394,10,8,3,3,6,4,0,0,0,0,0,1,0,52.48846549744318,13.333108606051395,0,1,4,0
4436,206396,10,16,3,3,5,2,0,0,1,0,0,0,0,52.52713049590333,13.450750772143257,0,1,2,0
4437,206399,10,8,3,3,5,7,0,0,1,0,0,0,0,52.51195387037252,13.269114820912325,0,1,7,0
4438,206400,10,12,7,3,4,6,0,0,1,0,0,0,0,52.42907853825077,13.329745078479087,0,0,6,1
4439,206403,10,12,7,3,5,3,0,0,0,0,0,0,0,52.51809215081027,13.40990831625138,1,0,2,1
4440,206409,10,17,3,3,5,2,0,0,1,0,0,0,0,52.4927669879124,13.387838586770911,0,1,2,0
4441,206413,10,22,3,3,6,4,2,0,0,0,0,1,0,52.50944178031278,13.458061720119446,0,1,4,0
4442,206414,10,16,6,3,5,3,0,0,0,0,0,0,0,52.528682100975075,13.397321051008348,1,0,2,0
4443,206415,10,19,3,3,1,5,2,0,1,0,0,0,0,52.499717323702185,13.424932652950973,0,1,5,0
4444,206416,10,11,7,2,5,3,0,0,1,0,0,0,0,52.48502932217023,13.448820839803851,0,1,2,1
4445,206421,10,18,3,3,5,3,1,0,1,0,0,0,0,52.46392074810289,13.509422606011196,0,1,2,0
4446,206423,10,15,6,3,5,3,0,0,1,0,0,0,0,52.52245168329674,13.24587369759332,0,1,2,0
4447,206426,10,10,7,2,5,3,0,0,1,0,0,0,0,52.58409709804904,13.41769869647545,0,1,2,1
4448,206427,10,15,6,3,3,6,0,0,1,0,0,0,0,52.4504570920903,13.626101755844884,0,0,6,0
4449,206428,10,17,3,3,5,3,1,0,1,0,0,0,0,52.618040136633006,13.48760474551006,0,1,2,0
4450,206431,10,16,3,3,5,2,0,0,1,0,0,0,0,52.56689922328452,13.47704673251766,0,1,2,0
4451,206433,10,16,3,3,4,6,0,0,1,0,0,0,0,52.524357316742886,13.34238116606704,0,0,6,0
4452,206434,10,9,7,3,5,2,0,0,1,0,0,0,0,52.584261837421245,13.374585580672624,0,1,2,1
4453,206437,10,15,3,3,5,2,0,0,1,0,0,0,0,52.444969129206896,13.511228990583145,0,1,2,0
4454,206438,10,15,3,3,5,2,0,0,1,0,0,0,0,52.52172726219346,13.155828350680373,0,1,2,0
4455,206439,10,9,7,3,5,2,0,0,1,0,0,0,0,52.444265628233566,13.43354625968029,0,1,2,1
4456,206443,10,8,3,3,5,3,0,0,1,0,0,0,0,52.48072286599187,13.369145692587008,0,1,2,0
4457,206445,10,20,6,3,0,6,2,0,1,0,0,0,0,52.52899931644047,13.393239556853795,0,1,6,0
4458,206447,10,8,3,3,2,6,0,0,1,0,0,0,0,52.54620332772478,13.371505167386053,0,1,6,0